"middleUltrasonic","leftUltrasonic","rightUltrasonic","backUltrasonic","L0","L1","L2","xAccel","yAccel","zAccel","xGyro","yGyro","zGyro","xMag","yMag","zMag","servoAngle","state"
"27.0","31.0","24.0","19.0","1","1","1","268.0","-181.0","8582.0","-13.0","15.0","12.0","316.0","-30.0","-720.0","90","0"
"25.0","31.0","24.0","20.0","1","1","1","-151.0","-176.0","8536.0","12.0","23.0","125.0","314.0","-34.0","-718.0","90","0"
"21.0","29.0","61.0","25.0","1","1","1","63.0","-101.0","8576.0","20.0","11.0","113.0","308.0","-42.0","-704.0","90","0"
"15.0","27.0","60.0","32.0","1","1","1","283.0","-239.0","8570.0","10.0","-23.0","210.0","321.0","-31.0","-715.0","90","0"
"8.0","25.0","10.0","39.0","1","1","1","220.0","-167.0","8593.0","-13.0","16.0","12.0","327.0","-41.0","-711.0","90","1"
"10.0","26.0","10.0","37.0","1","1","1","520.0","-165.0","8574.0","-10.0","-29.0","-99.0","329.0","-51.0","-707.0","90","1"
"15.0","27.0","59.0","31.0","1","1","1","306.0","-206.0","8574.0","-21.0","-2.0","-144.0","314.0","-42.0","-710.0","90","1"
"21.0","29.0","61.0","25.0","1","1","1","258.0","-43.0","8580.0","-19.0","-18.0","-29.0","318.0","-46.0","-724.0","90","1"
"27.0","30.0","23.0","19.0","1","1","1","294.0","-160.0","8720.0","-76.0","61.0","-182.0","317.0","-33.0","-707.0","90","1"
"38.0","33.0","32.0","10.0","1","1","1","239.0","-190.0","8585.0","-13.0","14.0","12.0","318.0","-46.0","-710.0","90","2"
"34.0","34.0","29.0","41.0","1","1","1","506.0","-267.0","8497.0","-136.0","85.0","-3984.0","248.0","-30.0","-712.0","90","2"
"24.0","30.0","18.0","36.0","1","1","1","396.0","-176.0","8529.0","-130.0","54.0","-4165.0","169.0","-75.0","-711.0","90","2"
"19.0","44.0","23.0","26.0","1","1","1","182.0","-136.0","8603.0","-14.0","15.0","12.0","124.0","-146.0","-698.0","90","0"
"17.0","42.0","20.0","30.0","1","1","1","-66.0","-244.0","8656.0","-1.0","8.0","215.0","118.0","-144.0","-704.0","90","0"
"12.0","40.0","17.0","35.0","1","1","1","107.0","-206.0","8541.0","-19.0","24.0","312.0","119.0","-143.0","-705.0","90","0"
"5.0","40.0","78.0","40.0","1","1","1","161.0","-121.0","8592.0","-15.0","14.0","12.0","126.0","-132.0","-696.0","90","3"
"6.0","31.0","4.0","43.0","1","1","1","260.0","-385.0","8591.0","116.0","82.0","3700.0","153.0","-85.0","-695.0","90","3"
"35.0","29.0","66.0","11.0","1","1","1","486.0","-201.0","8628.0","176.0","-12.0","4485.0","215.0","-39.0","-707.0","90","3"
"33.0","47.0","30.0","9.0","1","1","1","215.0","-192.0","8589.0","-15.0","17.0","12.0","321.0","-39.0","-709.0","90","0"
"29.0","44.0","27.0","12.0","1","1","1","-80.0","-286.0","8638.0","-9.0","16.0","164.0","328.0","-40.0","-714.0","90","0"
"23.0","42.0","21.0","18.0","1","1","1","118.0","-241.0","8567.0","12.0","25.0","102.0","333.0","-43.0","-723.0","90","0"
"17.0","39.0","15.0","24.0","1","1","1","114.0","-140.0","8499.0","-9.0","-113.0","44.0","330.0","-42.0","-714.0","90","0"
"12.0","37.0","10.0","29.0","1","1","1","284.0","-204.0","8609.0","-20.0","64.0","139.0","326.0","-44.0","-710.0","90","0"
"9.0","33.0","4.0","36.0","1","1","1","218.0","-192.0","8588.0","-15.0","14.0","12.0","334.0","-46.0","-704.0","90","3"
"12.0","30.0","8.0","29.0","1","1","1","236.0","-478.0","8502.0","107.0","57.0","3639.0","382.0","-86.0","-708.0","90","3"
"32.0","35.0","31.0","23.0","1","1","1","199.0","-225.0","8593.0","-14.0","16.0","11.0","419.0","-185.0","-723.0","90","0"
"28.0","38.0","59.0","25.0","1","1","1","-68.0","-272.0","8618.0","-30.0","15.0","60.0","407.0","-187.0","-719.0","90","0"
"23.0","28.0","34.0","30.0","1","1","1","160.0","-215.0","8642.0","-31.0","-13.0","177.0","411.0","-183.0","-713.0","90","0"
"17.0","26.0","13.0","37.0","1","1","1","129.0","-317.0","8592.0","-20.0","12.0","190.0","420.0","-188.0","-720.0","90","0"
"9.0","20.0","11.0","45.0","1","1","1","246.0","-228.0","8600.0","-14.0","14.0","12.0","425.0","-199.0","-715.0","90","1"
"11.0","23.0","13.0","42.0","1","1","1","519.0","-180.0","8608.0","-17.0","50.0","-112.0","422.0","-192.0","-728.0","90","1"
"16.0","22.0","10.0","38.0","1","1","1","278.0","-270.0","8655.0","-17.0","45.0","-143.0","416.0","-186.0","-722.0","90","1"
"22.0","30.0","14.0","32.0","1","1","1","260.0","-329.0","8483.0","0.0","43.0","-258.0","415.0","-177.0","-723.0","90","1"
"28.0","32.0","32.0","26.0","1","1","1","338.0","-300.0","8561.0","-27.0","27.0","-244.0","414.0","-176.0","-720.0","90","1"
"35.0","35.0","17.0","20.0","1","1","1","128.0","-191.0","8630.0","-44.0","76.0","-159.0","418.0","-176.0","-724.0","90","1"
"40.0","39.0","17.0","14.0","1","1","1","164.0","-318.0","8653.0","-28.0","-10.0","-278.0","418.0","-170.0","-732.0","90","1"
"47.0","30.0","41.0","9.0","1","1","1","126.0","-244.0","8543.0","-35.0","-50.0","-294.0","409.0","-175.0","-735.0","90","1"
"54.0","54.0","16.0","3.0","1","1","1","172.0","-229.0","8582.0","-14.0","16.0","12.0","424.0","-164.0","-722.0","90","0"
"51.0","49.0","17.0","5.0","1","1","1","-8.0","-239.0","8611.0","-41.0","-40.0","10.0","419.0","-165.0","-719.0","90","0"
"46.0","44.0","29.0","10.0","1","1","1","109.0","-212.0","8644.0","-2.0","49.0","144.0","405.0","-157.0","-719.0","90","0"
"41.0","39.0","15.0","16.0","1","1","1","202.0","-294.0","8657.0","8.0","4.0","171.0","415.0","-159.0","-721.0","90","0"
"34.0","37.0","12.0","22.0","1","1","1","155.0","-153.0","8475.0","20.0","-14.0","8.0","415.0","-161.0","-721.0","90","0"
"27.0","31.0","10.0","28.0","1","1","1","251.0","-206.0","8669.0","-18.0","59.0","150.0","405.0","-153.0","-725.0","90","0"
"21.0","29.0","7.0","34.0","1","1","1","203.0","-152.0","8573.0","-49.0","-27.0","205.0","407.0","-153.0","-721.0","90","0"
"14.0","28.0","5.0","40.0","1","1","1","204.0","-264.0","8581.0","12.0","3.0","89.0","414.0","-156.0","-720.0","90","0"
"6.0","9.0","4.0","19.0","1","1","1","219.0","-222.0","8590.0","-14.0","15.0","13.0","418.0","-180.0","-706.0","90","1"
"8.0","80.0","4.0","46.0","1","1","1","612.0","-149.0","8599.0","-17.0","31.0","-120.0","415.0","-175.0","-719.0","90","1"
"13.0","15.0","5.0","41.0","1","1","1","318.0","-258.0","8519.0","-17.0","69.0","-94.0","425.0","-167.0","-719.0","90","1"
"19.0","35.0","7.0","35.0","1","1","1","167.0","-210.0","8732.0","-34.0","18.0","-223.0","419.0","-161.0","-713.0","90","1"
"25.0","32.0","8.0","30.0","1","1","1","96.0","-255.0","8572.0","-48.0","-53.0","-217.0","418.0","-150.0","-716.0","90","1"
"31.0","36.0","10.0","25.0","1","1","1","196.0","-287.0","8484.0","-28.0","49.0","-152.0","412.0","-164.0","-716.0","90","1"
"66.0","59.0","14.0","20.0","1","1","1","197.0","-226.0","8517.0","5.0","13.0","-195.0","410.0","-152.0","-712.0","90","1"
"45.0","39.0","13.0","15.0","1","1","1","218.0","-246.0","8602.0","-20.0","-4.0","-265.0","405.0","-151.0","-723.0","90","1"
"50.0","45.0","17.0","10.0","1","1","1","187.0","-307.0","8634.0","-27.0","-10.0","-250.0","410.0","-154.0","-726.0","90","1"
"84.0","51.0","15.0","3.0","1","1","1","192.0","-235.0","8583.0","-14.0","14.0","12.0","419.0","-131.0","-723.0","90","0"
"56.0","49.0","15.0","5.0","1","1","1","-74.0","-178.0","8580.0","-6.0","-10.0","25.0","423.0","-141.0","-727.0","90","0"
"51.0","45.0","26.0","13.0","1","1","1","206.0","-200.0","8635.0","-18.0","40.0","102.0","410.0","-142.0","-726.0","90","0"
"45.0","40.0","11.0","15.0","1","1","1","163.0","-214.0","8615.0","-33.0","-6.0","195.0","405.0","-139.0","-715.0","90","0"
"84.0","34.0","12.0","21.0","1","1","1","163.0","-206.0","8638.0","-18.0","35.0","136.0","414.0","-138.0","-718.0","90","0"
"60.0","31.0","9.0","20.0","1","1","1","233.0","-365.0","8531.0","-24.0","-16.0","87.0","409.0","-139.0","-713.0","90","0"
"26.0","22.0","4.0","34.0","1","1","1","210.0","-216.0","8584.0","-14.0","16.0","11.0","412.0","-160.0","-718.0","90","1"
"55.0","23.0","6.0","30.0","1","1","1","496.0","-213.0","8582.0","-30.0","34.0","-142.0","414.0","-146.0","-714.0","90","1"
"59.0","30.0","8.0","23.0","1","1","1","361.0","-196.0","8547.0","-17.0","17.0","-149.0","411.0","-149.0","-723.0","90","1"
"38.0","32.0","12.0","21.0","1","1","1","240.0","-214.0","8557.0","-61.0","15.0","-155.0","407.0","-147.0","-717.0","90","1"
"45.0","38.0","11.0","17.0","1","1","1","231.0","-244.0","8554.0","9.0","36.0","-292.0","406.0","-144.0","-720.0","90","1"
"76.0","43.0","27.0","12.0","1","1","1","242.0","-217.0","8620.0","-5.0","15.0","-272.0","406.0","-138.0","-714.0","90","1"
"82.0","50.0","15.0","4.0","1","1","1","197.0","-224.0","8585.0","-12.0","14.0","11.0","416.0","-122.0","-704.0","90","3"
"51.0","60.0","81.0","3.0","1","1","1","278.0","-379.0","8536.0","92.0","-61.0","3322.0","422.0","-178.0","-718.0","90","3"
"49.0","27.0","35.0","4.0","1","1","1","250.0","-230.0","8600.0","-15.0","21.0","14.0","388.0","-248.0","-730.0","90","2"
"49.0","59.0","79.0","5.0","1","1","1","516.0","-159.0","8566.0","-162.0","35.0","-4386.0","408.0","-190.0","-724.0","90","2"
"17.0","50.0","11.0","60.0","1","1","1","207.0","-209.0","8592.0","-14.0","16.0","11.0","375.0","-57.0","-719.0","90","0"
"16.0","48.0","10.0","31.0","1","1","1","-138.0","-212.0","8575.0","11.0","2.0","86.0","369.0","-85.0","-711.0","90","0"
"9.0","44.0","4.0","18.0","1","1","1","206.0","-195.0","8586.0","-13.0","16.0","13.0","372.0","-70.0","-700.0","90","3"
"74.0","43.0","7.0","16.0","1","1","1","310.0","-292.0","8613.0","104.0","6.0","3478.0","394.0","-122.0","-720.0","90","3"
"43.0","59.0","73.0","10.0","1","1","1","183.0","-228.0","8586.0","-14.0","12.0","13.0","399.0","-211.0","-725.0","90","0"
"41.0","57.0","71.0","13.0","1","1","1","-137.0","-251.0","8606.0","-23.0","5.0","36.0","407.0","-205.0","-719.0","90","0"
"35.0","53.0","40.0","18.0","1","1","1","191.0","-274.0","8634.0","-33.0","17.0","131.0","403.0","-205.0","-723.0","90","0"
"29.0","42.0","34.0","25.0","1","1","1","101.0","-263.0","8594.0","-41.0","-3.0","236.0","419.0","-221.0","-725.0","90","0"
"24.0","45.0","65.0","31.0","1","1","1","194.0","-284.0","8672.0","3.0","56.0","104.0","414.0","-208.0","-722.0","90","0"
"17.0","42.0","22.0","36.0","1","1","1","171.0","-348.0","8543.0","-7.0","-2.0","118.0","412.0","-212.0","-720.0","90","0"
"11.0","40.0","12.0","43.0","1","1","1","149.0","-300.0","8511.0","12.0","-14.0","250.0","406.0","-202.0","-724.0","90","0"
"4.0","6.0","2.0","49.0","1","1","1","204.0","-251.0","8586.0","-14.0","15.0","12.0","404.0","-218.0","-718.0","90","1"
"5.0","9.0","5.0","40.0","1","1","1","602.0","-323.0","8610.0","-3.0","57.0","-29.0","405.0","-227.0","-721.0","90","1"
"10.0","14.0","11.0","43.0","1","1","1","318.0","-329.0","8723.0","-5.0","14.0","-235.0","406.0","-230.0","-714.0","90","1"
"16.0","43.0","57.0","38.0","1","1","1","250.0","-292.0","8764.0","-12.0","54.0","-235.0","419.0","-207.0","-721.0","90","1"
"22.0","46.0","19.0","31.0","1","1","1","48.0","-322.0","8635.0","-5.0","25.0","-203.0","410.0","-208.0","-718.0","90","1"
"28.0","49.0","71.0","26.0","1","1","1","182.0","-315.0","8624.0","-30.0","-13.0","-192.0","408.0","-220.0","-718.0","90","1"
"33.0","39.0","36.0","20.0","1","1","1","211.0","-318.0","8605.0","-70.0","33.0","-343.0","412.0","-206.0","-714.0","90","1"
"39.0","56.0","70.0","14.0","1","1","1","176.0","-288.0","8661.0","5.0","-22.0","-219.0","404.0","-206.0","-722.0","90","1"
"45.0","60.0","73.0","8.0","1","1","1","262.0","-272.0","8571.0","-17.0","30.0","-219.0","409.0","-199.0","-725.0","90","1"
"52.0","65.0","77.0","2.0","1","1","1","189.0","-234.0","8592.0","-14.0","16.0","12.0","414.0","-186.0","-726.0","90","0"
"50.0","54.0","79.0","4.0","1","1","1","-163.0","-206.0","8557.0","-13.0","-18.0","69.0","406.0","-184.0","-722.0","90","0"
"44.0","31.0","72.0","9.0","1","1","1","110.0","-239.0","8407.0","-8.0","3.0","29.0","409.0","-185.0","-715.0","90","0"
"39.0","41.0","21.0","15.0","1","1","1","192.0","-268.0","8593.0","-39.0","18.0","105.0","405.0","-179.0","-717.0","90","0"
"32.0","35.0","17.0","21.0","1","1","1","292.0","-229.0","8749.0","25.0","12.0","134.0","402.0","-182.0","-720.0","90","0"
"26.0","39.0","17.0","28.0","1","1","1","264.0","-205.0","8505.0","5.0","48.0","113.0","411.0","-189.0","-711.0","90","0"
"20.0","26.0","15.0","34.0","1","1","1","164.0","-238.0","8606.0","-27.0","57.0","135.0","414.0","-182.0","-710.0","90","0"
"11.0","23.0","16.0","42.0","1","1","1","223.0","-233.0","8593.0","-13.0","16.0","10.0","407.0","-197.0","-717.0","90","2"
"17.0","12.0","9.0","37.0","1","1","1","475.0","-279.0","8575.0","-128.0","48.0","-3338.0","413.0","-163.0","-723.0","90","2"
"9.0","12.0","6.0","51.0","1","1","1","399.0","-371.0","8550.0","-116.0","34.0","-3662.0","379.0","-87.0","-721.0","90","2"
"8.0","21.0","14.0","40.0","1","1","1","221.0","-159.0","8582.0","-15.0","15.0","12.0","305.0","-31.0","-709.0","90","1"
"9.0","20.0","15.0","38.0","1","1","1","665.0","-197.0","8560.0","-2.0","32.0","-84.0","299.0","-39.0","-715.0","90","1"
"14.0","24.0","22.0","34.0","1","1","1","324.0","-179.0","8557.0","-35.0","-3.0","-116.0","294.0","-40.0","-712.0","90","1"
"20.0","26.0","67.0","28.0","1","1","1","271.0","-151.0","8543.0","1.0","60.0","-197.0","290.0","-46.0","-708.0","90","1"
"25.0","23.0","71.0","23.0","1","1","1","228.0","-214.0","8672.0","-8.0","-30.0","-171.0","288.0","-34.0","-720.0","90","1"
"31.0","31.0","75.0","18.0","1","1","1","219.0","-184.0","8503.0","-41.0","56.0","-299.0","286.0","-30.0","-706.0","90","1"
"38.0","36.0","35.0","11.0","1","1","1","254.0","-165.0","8574.0","-14.0","17.0","12.0","278.0","-36.0","-714.0","90","2"
"56.0","35.0","64.0","25.0","1","1","1","391.0","-158.0","8629.0","-128.0","47.0","-3544.0","223.0","-45.0","-711.0","90","2"
"36.0","39.0","32.0","20.0","1","1","1","313.0","-126.0","8486.0","-109.0","20.0","-3625.0","154.0","-92.0","-708.0","90","2"
"33.0","55.0","34.0","13.0","1","1","1","161.0","-134.0","8592.0","-13.0","17.0","11.0","118.0","-152.0","-694.0","90","3"
"33.0","54.0","31.0","15.0","1","1","1","181.0","-139.0","8584.0","-14.0","13.0","9.0","135.0","-97.0","-707.0","90","0"
"31.0","38.0","28.0","17.0","1","1","1","-3.0","-141.0","8573.0","9.0","-5.0","101.0","138.0","-106.0","-702.0","90","0"
"26.0","34.0","24.0","23.0","1","1","1","113.0","-145.0","8571.0","-28.0","-31.0","203.0","150.0","-94.0","-704.0","90","0"
"20.0","31.0","19.0","28.0","1","1","1","229.0","-151.0","8647.0","12.0","72.0","266.0","147.0","-87.0","-709.0","90","0"
"16.0","28.0","42.0","15.0","1","1","1","231.0","-203.0","8637.0","17.0","54.0","263.0","155.0","-85.0","-707.0","90","0"
"14.0","25.0","7.0","49.0","1","1","1","259.0","-126.0","8588.0","-8.0","-4.0","246.0","147.0","-81.0","-711.0","90","0"
"8.0","20.0","5.0","45.0","1","1","1","176.0","-154.0","8581.0","-15.0","19.0","12.0","153.0","-81.0","-693.0","90","3"
"25.0","19.0","7.0","27.0","1","1","1","296.0","-334.0","8569.0","139.0","15.0","4272.0","206.0","-38.0","-710.0","90","3"
"20.0","48.0","21.0","19.0","1","1","1","190.0","-156.0","8593.0","-14.0","16.0","12.0","316.0","-36.0","-710.0","90","0"
"18.0","50.0","25.0","20.0","1","1","1","-160.0","-183.0","8658.0","19.0","-26.0","48.0","309.0","-37.0","-711.0","90","0"
"13.0","48.0","46.0","26.0","1","1","1","209.0","-136.0","8599.0","-26.0","21.0","188.0","321.0","-33.0","-713.0","90","0"
"5.0","45.0","5.0","33.0","1","1","1","224.0","-156.0","8581.0","-14.0","13.0","12.0","328.0","-60.0","-718.0","90","1"
"8.0","46.0","8.0","31.0","1","1","1","599.0","-131.0","8594.0","-26.0","3.0","-126.0","311.0","-49.0","-711.0","90","1"
"13.0","48.0","48.0","26.0","1","1","1","317.0","-137.0","8536.0","-18.0","-22.0","-117.0","308.0","-44.0","-716.0","90","1"
"18.0","49.0","23.0","19.0","1","1","1","226.0","-216.0","8623.0","-50.0","59.0","-122.0","313.0","-39.0","-711.0","90","1"
"25.0","49.0","24.0","14.0","1","1","1","230.0","-200.0","8555.0","-23.0","12.0","-152.0","310.0","-42.0","-714.0","90","1"
"30.0","60.0","32.0","9.0","1","1","1","162.0","-294.0","8576.0","-31.0","-20.0","-275.0","306.0","-30.0","-712.0","90","1"
"36.0","68.0","38.0","3.0","1","1","1","219.0","-162.0","8576.0","-14.0","14.0","11.0","285.0","-35.0","-701.0","90","0"
"34.0","71.0","41.0","3.0","1","1","1","-62.0","-221.0","8586.0","-13.0","5.0","129.0","297.0","-35.0","-705.0","90","0"
"29.0","60.0","32.0","8.0","1","1","1","140.0","-288.0","8609.0","-18.0","86.0","233.0","300.0","-24.0","-708.0","90","0"
"25.0","52.0","24.0","15.0","1","1","1","52.0","-165.0","8411.0","-4.0","6.0","140.0","309.0","-21.0","-709.0","90","0"
"16.0","54.0","17.0","22.0","1","1","1","11.0","-152.0","8581.0","-10.0","75.0","-17.0","305.0","-27.0","-705.0","90","3"
"19.0","44.0","14.0","25.0","1","1","1","288.0","-230.0","8600.0","91.0","88.0","3348.0","353.0","-51.0","-709.0","90","3"
"81.0","42.0","20.0","9.0","1","1","1","296.0","-257.0","8496.0","61.0","5.0","3566.0","404.0","-120.0","-714.0","90","3"
"43.0","53.0","32.0","11.0","1","1","1","447.0","-250.0","8623.0","74.0","-26.0","3585.0","412.0","-208.0","-728.0","90","2"
"46.0","45.0","21.0","11.0","1","1","1","435.0","-235.0","8618.0","-116.0","32.0","-3803.0","408.0","-154.0","-726.0","90","2"
"21.0","42.0","15.0","28.0","1","1","1","332.0","-208.0","8598.0","-138.0","-35.0","-4131.0","380.0","-72.0","-724.0","90","2"
"16.0","79.0","23.0","19.0","1","1","1","417.0","-249.0","8609.0","-183.0","32.0","-4301.0","284.0","-36.0","-710.0","90","2"
"22.0","16.0","8.0","31.0","1","1","1","331.0","-429.0","8565.0","-127.0","63.0","-3869.0","195.0","-45.0","-701.0","90","3"
"19.0","67.0","12.0","24.0","1","1","1","263.0","-358.0","8659.0","124.0","-32.0","3995.0","249.0","-23.0","-713.0","90","3"
"16.0","45.0","15.0","23.0","1","1","1","411.0","-221.0","8574.0","150.0","-42.0","4293.0","346.0","-44.0","-710.0","90","3"
"81.0","40.0","17.0","71.0","1","1","1","371.0","-261.0","8698.0","101.0","15.0","3403.0","402.0","-100.0","-706.0","90","3"
"42.0","51.0","27.0","13.0","1","1","1","192.0","-242.0","8598.0","-15.0","16.0","13.0","410.0","-178.0","-714.0","90","0"
"40.0","51.0","28.0","16.0","1","1","1","-150.0","-301.0","8571.0","15.0","55.0","83.0","419.0","-181.0","-717.0","90","0"
"34.0","47.0","27.0","20.0","1","1","1","110.0","-152.0","8640.0","-5.0","-27.0","103.0","402.0","-182.0","-714.0","90","0"
"29.0","38.0","25.0","26.0","1","1","1","245.0","-235.0","8701.0","-7.0","28.0","205.0","412.0","-180.0","-726.0","90","0"
"23.0","41.0","25.0","32.0","1","1","1","237.0","-254.0","8659.0","-15.0","-25.0","220.0","415.0","-185.0","-723.0","90","0"
"17.0","39.0","60.0","38.0","1","1","1","128.0","-247.0","8600.0","-6.0","8.0","315.0","416.0","-188.0","-710.0","90","0"
"9.0","7.0","59.0","6.0","1","1","1","243.0","-251.0","8589.0","-13.0","15.0","11.0","408.0","-206.0","-716.0","90","2"
"11.0","11.0","28.0","42.0","1","1","1","376.0","-225.0","8590.0","-112.0","6.0","-3105.0","407.0","-159.0","-723.0","90","2"
"18.0","9.0","14.0","49.0","1","1","1","398.0","-307.0","8458.0","-139.0","53.0","-4043.0","376.0","-84.0","-720.0","90","2"
"16.0","18.0","25.0","32.0","1","1","1","235.0","-168.0","8590.0","-14.0","15.0","10.0","298.0","-34.0","-712.0","90","0"
"14.0","16.0","53.0","35.0","1","1","1","-35.0","-143.0","8634.0","19.0","22.0","146.0","291.0","-29.0","-707.0","90","0"
"9.0","18.0","14.0","39.0","1","1","1","116.0","-123.0","8444.0","22.0","39.0","248.0","306.0","-38.0","-716.0","90","0"
"4.0","11.0","6.0","44.0","1","1","1","218.0","-157.0","8587.0","-14.0","15.0","10.0","302.0","-48.0","-712.0","90","1"
"4.0","15.0","66.0","43.0","1","1","1","622.0","-159.0","8517.0","-4.0","10.0","-64.0","301.0","-47.0","-719.0","90","1"
"9.0","16.0","21.0","38.0","1","1","1","299.0","-97.0","8584.0","-37.0","22.0","-190.0","306.0","-50.0","-720.0","90","1"
"15.0","18.0","70.0","33.0","1","1","1","229.0","-231.0","8605.0","-58.0","41.0","-194.0","288.0","-40.0","-710.0","90","1"
"20.0","62.0","27.0","27.0","1","1","1","191.0","-254.0","8527.0","-13.0","41.0","-93.0","301.0","-31.0","-715.0","90","1"
"27.0","63.0","34.0","22.0","1","1","1","190.0","-210.0","8637.0","7.0","-55.0","-177.0","291.0","-31.0","-707.0","90","1"
"32.0","20.0","77.0","17.0","1","1","1","173.0","-186.0","8525.0","-59.0","4.0","-174.0","290.0","-36.0","-704.0","90","1"
"37.0","25.0","45.0","11.0","1","1","1","281.0","-322.0","8595.0","-20.0","92.0","-181.0","279.0","-27.0","-709.0","90","1"
"43.0","77.0","63.0","6.0","1","1","1","235.0","-165.0","8557.0","-48.0","-18.0","-185.0","289.0","-33.0","-713.0","90","1"
"51.0","17.0","56.0","4.0","1","1","1","372.0","-379.0","8594.0","-8.0","0.0","13.0","274.0","-14.0","-706.0","90","0"
"47.0","77.0","64.0","4.0","1","1","1","-113.0","-47.0","8677.0","20.0","-33.0","5.0","267.0","-21.0","-715.0","90","0"
"40.0","77.0","83.0","10.0","1","1","1","110.0","-191.0","8556.0","-14.0","2.0","16.0","270.0","-30.0","-710.0","90","0"
"34.0","35.0","35.0","15.0","1","1","1","290.0","-220.0","8551.0","5.0","-40.0","89.0","273.0","-15.0","-713.0","90","0"
"27.0","26.0","75.0","22.0","1","1","1","296.0","-197.0","8629.0","-3.0","-76.0","283.0","284.0","-24.0","-708.0","90","0"
"20.0","21.0","69.0","28.0","1","1","1","315.0","-85.0","8673.0","11.0","10.0","247.0","285.0","-35.0","-719.0","90","0"
"14.0","24.0","22.0","35.0","1","1","1","175.0","-181.0","8454.0","8.0","46.0","272.0","285.0","-35.0","-711.0","90","0"
"7.0","19.0","15.0","40.0","1","1","1","212.0","-183.0","8606.0","-12.0","-29.0","315.0","289.0","-39.0","-709.0","90","0"
"7.0","18.0","63.0","46.0","1","1","1","205.0","-165.0","8579.0","-14.0","14.0","11.0","301.0","-43.0","-715.0","90","1"
"5.0","48.0","65.0","43.0","1","1","1","391.0","-159.0","8615.0","10.0","-13.0","-51.0","294.0","-42.0","-712.0","90","1"
"10.0","20.0","16.0","38.0","1","1","1","295.0","-37.0","8523.0","-20.0","41.0","-215.0","299.0","-43.0","-705.0","90","1"
"16.0","21.0","66.0","34.0","1","1","1","202.0","-315.0","8557.0","-34.0","-43.0","-169.0","288.0","-42.0","-708.0","90","1"
"21.0","20.0","28.0","27.0","1","1","1","223.0","-96.0","8564.0","-20.0","50.0","-65.0","298.0","-40.0","-712.0","90","1"
"27.0","21.0","33.0","22.0","1","1","1","248.0","-236.0","8556.0","11.0","-84.0","-151.0","279.0","-29.0","-713.0","90","1"
"33.0","43.0","76.0","16.0","1","1","1","271.0","-232.0","8588.0","-58.0","2.0","-185.0","285.0","-31.0","-719.0","90","1"
"39.0","74.0","73.0","11.0","1","1","1","184.0","-213.0","8536.0","-11.0","24.0","-132.0","276.0","-30.0","-716.0","90","1"
"46.0","33.0","41.0","4.0","1","1","1","407.0","-160.0","8580.0","-15.0","65.0","32.0","269.0","-39.0","-729.0","90","2"
"62.0","46.0","32.0","7.0","1","1","1","445.0","-100.0","8606.0","-149.0","59.0","-3609.0","215.0","-39.0","-707.0","90","2"
"36.0","50.0","32.0","15.0","1","1","1","481.0","-281.0","8544.0","-162.0","35.0","-4201.0","151.0","-87.0","-709.0","90","2"
"36.0","63.0","96.0","12.0","1","1","1","158.0","-109.0","8586.0","-14.0","16.0","11.0","116.0","-164.0","-704.0","90","3"
"34.0","50.0","40.0","13.0","1","1","1","210.0","-402.0","8571.0","85.0","23.0","3652.0","130.0","-120.0","-702.0","90","3"
"43.0","39.0","33.0","19.0","1","1","1","217.0","-144.0","8583.0","-14.0","18.0","12.0","173.0","-63.0","-711.0","90","2"
"34.0","48.0","32.0","15.0","1","1","1","212.0","-141.0","8585.0","-16.0","16.0","9.0","129.0","-99.0","-699.0","90","0"
"32.0","47.0","30.0","17.0","1","1","1","-30.0","-118.0","8518.0","3.0","22.0","182.0","130.0","-108.0","-700.0","90","0"
"27.0","44.0","25.0","22.0","1","1","1","114.0","-98.0","8644.0","-35.0","47.0","250.0","142.0","-102.0","-710.0","90","0"
"21.0","40.0","24.0","26.0","1","1","1","196.0","-184.0","8682.0","-14.0","-11.0","144.0","143.0","-101.0","-711.0","90","0"
"15.0","36.0","13.0","36.0","1","1","1","268.0","-107.0","8702.0","-3.0","10.0","221.0","153.0","-95.0","-703.0","90","0"
"10.0","33.0","8.0","39.0","1","1","1","126.0","-174.0","8612.0","-37.0","25.0","267.0","147.0","-89.0","-711.0","90","0"
"4.0","29.0","2971.0","24.0","1","1","1","177.0","-648.0","8634.0","82.0","-26.0","3006.0","167.0","-65.0","-701.0","90","3"
"28.0","61.0","51.0","12.0","1","1","1","210.0","-142.0","8584.0","-15.0","15.0","14.0","253.0","-35.0","-707.0","90","0"
"26.0","87.0","16.0","14.0","1","1","1","1.0","-166.0","8715.0","-12.0","-14.0","217.0","253.0","-33.0","-707.0","90","0"
"21.0","83.0","29.0","19.0","1","1","1","165.0","-199.0","8630.0","-7.0","17.0","180.0","262.0","-26.0","-710.0","90","0"
"15.0","71.0","86.0","25.0","1","1","1","139.0","-206.0","8483.0","-25.0","12.0","176.0","266.0","-22.0","-720.0","90","0"
"6.0","70.0","43.0","32.0","1","1","1","214.0","-157.0","8585.0","-17.0","4.0","15.0","285.0","-31.0","-711.0","90","1"
"9.0","74.0","14.0","29.0","1","1","1","485.0","-189.0","8552.0","-10.0","23.0","-119.0","281.0","-31.0","-709.0","90","1"
"14.0","78.0","86.0","24.0","1","1","1","366.0","-205.0","8568.0","-16.0","33.0","-141.0","275.0","-27.0","-713.0","90","1"
"20.0","83.0","24.0","17.0","1","1","1","229.0","-102.0","8573.0","-21.0","-52.0","-116.0","270.0","-28.0","-720.0","90","1"
"27.0","62.0","78.0","12.0","1","1","1","256.0","-121.0","8622.0","-18.0","62.0","-234.0","250.0","-38.0","-706.0","90","1"
"34.0","70.0","50.0","5.0","1","1","1","214.0","-157.0","8583.0","-15.0","16.0","12.0","246.0","-26.0","-700.0","90","3"
"34.0","60.0","35.0","5.0","1","1","1","280.0","-312.0","8550.0","100.0","37.0","3317.0","305.0","-37.0","-703.0","90","3"
"40.0","37.0","33.0","9.0","1","1","1","364.0","-396.0","8506.0","95.0","51.0","3634.0","373.0","-93.0","-729.0","90","2"
"36.0","42.0","33.0","6.0","1","1","1","398.0","-156.0","8603.0","-103.0","16.0","-3216.0","342.0","-50.0","-718.0","90","2"
"33.0","66.0","67.0","5.0","1","1","1","454.0","-278.0","8624.0","-134.0","15.0","-3661.0","268.0","-30.0","-710.0","90","2"
"15.0","33.0","4.0","12.0","1","1","1","223.0","-138.0","8592.0","-14.0","8.0","11.0","188.0","-46.0","-702.0","90","3"
"35.0","36.0","9.0","6.0","1","1","1","283.0","-409.0","8556.0","108.0","-36.0","3537.0","231.0","-27.0","-707.0","90","3"
"36.0","47.0","34.0","5.0","1","1","1","358.0","-342.0","8637.0","112.0","-24.0","3703.0","317.0","-31.0","-711.0","90","3"
"48.0","36.0","34.0","10.0","1","1","1","397.0","-314.0","8671.0","96.0","-3.0","3492.0","384.0","-66.0","-712.0","90","3"
"53.0","38.0","39.0","9.0","1","1","1","312.0","-356.0","8605.0","96.0","-26.0","3511.0","415.0","-167.0","-723.0","90","2"
"46.0","36.0","35.0","15.0","1","1","1","437.0","-202.0","8570.0","-112.0","51.0","-3445.0","403.0","-113.0","-723.0","90","2"
"36.0","41.0","33.0","6.0","1","1","1","387.0","-324.0","8626.0","-119.0","39.0","-3800.0","344.0","-60.0","-714.0","90","2"
"34.0","39.0","84.0","6.0","1","1","1","455.0","-405.0","8572.0","-137.0","-10.0","-3793.0","270.0","-22.0","-702.0","90","3"
"34.0","62.0","39.0","5.0","1","1","1","332.0","-205.0","8577.0","73.0","69.0","3069.0","306.0","-28.0","-700.0","90","3"
"38.0","37.0","33.0","7.0","1","1","1","291.0","-337.0","8574.0","79.0","6.0","3156.0","363.0","-59.0","-707.0","90","3"
"50.0","36.0","36.0","12.0","1","1","1","287.0","-309.0","8574.0","96.0","-14.0","3442.0","405.0","-121.0","-713.0","90","3"
"36.0","40.0","58.0","9.0","1","1","1","299.0","-188.0","8640.0","94.0","49.0","2750.0","410.0","-186.0","-716.0","90","3"
"36.0","43.0","34.0","12.0","1","1","1","352.0","-175.0","8589.0","64.0","8.0","2312.0","403.0","-241.0","-713.0","90","2"
"35.0","39.0","57.0","11.0","1","1","1","432.0","-181.0","8572.0","-145.0","-7.0","-3598.0","417.0","-197.0","-721.0","90","2"
"45.0","34.0","35.0","17.0","1","1","1","347.0","-421.0","8446.0","-181.0","1.0","-4345.0","400.0","-118.0","-726.0","90","2"
"35.0","43.0","33.0","7.0","1","1","1","450.0","-458.0","8547.0","-98.0","58.0","-3928.0","328.0","-50.0","-710.0","90","2"
"34.0","36.0","87.0","7.0","1","1","1","405.0","-282.0","8538.0","-96.0","73.0","-3311.0","257.0","-35.0","-711.0","90","2"
"92.0","32.0","6.0","45.0","1","1","1","275.0","-227.0","8620.0","-116.0","11.0","-2918.0","191.0","-53.0","-711.0","90","2"
"8.0","40.0","5.0","40.0","1","1","1","191.0","-130.0","8603.0","-15.0","10.0","12.0","151.0","-89.0","-705.0","90","3"
"16.0","34.0","6.0","16.0","1","1","1","215.0","-495.0","8564.0","98.0","-8.0","3915.0","181.0","-49.0","-699.0","90","3"
"36.0","60.0","40.0","5.0","1","1","1","217.0","-173.0","8582.0","-14.0","14.0","13.0","284.0","-14.0","-702.0","90","3"
"37.0","41.0","34.0","6.0","1","1","1","376.0","-184.0","8566.0","60.0","7.0","3632.0","338.0","-30.0","-706.0","90","3"
"49.0","34.0","36.0","14.0","1","1","1","372.0","-379.0","8573.0","142.0","-4.0","3327.0","386.0","-94.0","-714.0","90","3"
"35.0","38.0","46.0","12.0","1","1","1","152.0","-236.0","8599.0","-12.0","16.0","12.0","414.0","-170.0","-716.0","90","0"
"33.0","37.0","45.0","13.0","1","1","1","-292.0","-291.0","8607.0","-28.0","-4.0","90.0","415.0","-169.0","-723.0","90","0"
"28.0","33.0","44.0","19.0","1","1","1","84.0","-198.0","8614.0","-26.0","-3.0","43.0","410.0","-176.0","-726.0","90","0"
"22.0","29.0","49.0","24.0","1","1","1","202.0","-294.0","8602.0","-29.0","12.0","122.0","413.0","-173.0","-725.0","90","0"
"16.0","26.0","41.0","31.0","1","1","1","205.0","-181.0","8655.0","-39.0","-7.0","170.0","414.0","-176.0","-720.0","90","0"
"7.0","24.0","49.0","38.0","1","1","1","219.0","-251.0","8594.0","-13.0","15.0","11.0","424.0","-182.0","-722.0","90","2"
"72.0","7.0","43.0","27.0","1","1","1","413.0","-302.0","8639.0","-120.0","-9.0","-3094.0","407.0","-143.0","-725.0","90","2"
"35.0","17.0","34.0","17.0","1","1","1","497.0","-253.0","8594.0","-148.0","56.0","-3753.0","367.0","-75.0","-723.0","90","2"
"36.0","25.0","43.0","14.0","1","1","1","240.0","-174.0","8592.0","-14.0","13.0","11.0","286.0","-16.0","-712.0","90","0"
"33.0","22.0","46.0","15.0","1","1","1","-93.0","-252.0","8653.0","-10.0","-32.0","146.0","289.0","-27.0","-709.0","90","0"
"28.0","20.0","35.0","21.0","1","1","1","66.0","-196.0","8556.0","-31.0","-23.0","354.0","289.0","-35.0","-711.0","90","0"
"22.0","19.0","30.0","26.0","1","1","1","224.0","-239.0","8636.0","18.0","54.0","227.0","301.0","-31.0","-719.0","90","0"
"17.0","18.0","24.0","30.0","1","1","1","239.0","-204.0","8601.0","-16.0","12.0","330.0","306.0","-30.0","-712.0","90","0"
"12.0","15.0","20.0","37.0","1","1","1","228.0","-93.0","8602.0","14.0","76.0","394.0","316.0","-36.0","-710.0","90","0"
"6.0","12.0","9.0","42.0","1","1","1","195.0","-158.0","8588.0","-12.0","17.0","10.0","330.0","-50.0","-720.0","90","2"
"7.0","16.0","17.0","42.0","1","1","1","316.0","15.0","8608.0","-90.0","36.0","-2308.0","296.0","-38.0","-720.0","90","2"
"20.0","6.0","15.0","42.0","1","1","1","213.0","-261.0","8625.0","-109.0","-30.0","-2527.0","234.0","-36.0","-718.0","90","2"
"17.0","8.0","42.0","24.0","1","1","1","271.0","-237.0","8548.0","-106.0","6.0","-2457.0","196.0","-52.0","-714.0","90","2"
"44.0","11.0","42.0","19.0","1","1","1","313.0","-304.0","8610.0","-98.0","1.0","-1734.0","163.0","-87.0","-701.0","90","2"
"43.0","15.0","43.0","11.0","1","1","1","195.0","-175.0","8611.0","-74.0","11.0","-1764.0","137.0","-115.0","-701.0","90","2"
"45.0","47.0","41.0","8.0","1","1","1","132.0","-137.0","8588.0","-15.0","14.0","14.0","123.0","-151.0","-701.0","90","0"
"42.0","40.0","52.0","12.0","1","1","1","-136.0","-115.0","8562.0","1.0","-17.0","261.0","115.0","-155.0","-701.0","90","0"
"37.0","18.0","37.0","18.0","1","1","1","102.0","-170.0","8541.0","16.0","-16.0","304.0","119.0","-149.0","-701.0","90","0"
"30.0","56.0","45.0","24.0","1","1","1","160.0","-130.0","8485.0","-38.0","3.0","417.0","121.0","-135.0","-701.0","90","0"
"24.0","15.0","30.0","25.0","1","1","1","179.0","-218.0","8507.0","1.0","48.0","377.0","125.0","-131.0","-699.0","90","0"
"18.0","12.0","21.0","35.0","1","1","1","146.0","-224.0","8616.0","28.0","60.0","373.0","129.0","-113.0","-709.0","90","0"
"12.0","8.0","12.0","42.0","1","1","1","111.0","-188.0","8554.0","-5.0","61.0","440.0","135.0","-103.0","-701.0","90","0"
"7.0","5.0","5.0","39.0","1","1","1","157.0","-150.0","8581.0","-13.0","19.0","9.0","143.0","-89.0","-719.0","90","2"
"7.0","8.0","17.0","46.0","1","1","1","416.0","-205.0","8552.0","-51.0","92.0","-1538.0","134.0","-110.0","-712.0","90","2"
"9.0","16.0","14.0","43.0","1","1","1","128.0","-325.0","8592.0","-48.0","-6.0","-1717.0","120.0","-152.0","-718.0","90","2"
"15.0","12.0","35.0","42.0","1","1","1","121.0","-216.0","8576.0","-80.0","51.0","-2061.0","120.0","-202.0","-712.0","90","2"
"38.0","11.0","28.0","39.0","1","1","1","224.0","-238.0","8673.0","-139.0","14.0","-3323.0","133.0","-251.0","-709.0","90","2"
"31.0","18.0","30.0","10.0","1","1","1","277.0","-131.0","8625.0","-117.0","46.0","-3636.0","192.0","-298.0","-716.0","90","2"
"35.0","30.0","54.0","9.0","1","1","1","132.0","-201.0","8593.0","-13.0","15.0","12.0","288.0","-316.0","-708.0","90","0"
"55.0","29.0","52.0","12.0","1","1","1","-257.0","-290.0","8585.0","-5.0","6.0","-29.0","289.0","-315.0","-715.0","90","0"
"52.0","61.0","47.0","18.0","1","1","1","66.0","-189.0","8608.0","39.0","-1.0","-46.0","279.0","-311.0","-713.0","90","0"
"48.0","79.0","34.0","24.0","1","1","1","135.0","-109.0","8543.0","-23.0","105.0","114.0","282.0","-310.0","-718.0","90","0"
"43.0","53.0","34.0","32.0","1","1","1","144.0","-186.0","8594.0","-15.0","15.0","12.0","276.0","-324.0","-724.0","90","2"
"37.0","31.0","28.0","35.0","1","1","1","262.0","-261.0","8596.0","-119.0","46.0","-3253.0","340.0","-302.0","-724.0","90","2"
"28.0","16.0","26.0","20.0","1","1","1","326.0","-248.0","8501.0","-155.0","-22.0","-3746.0","388.0","-256.0","-718.0","90","2"
"35.0","38.0","39.0","19.0","1","1","1","188.0","-242.0","8596.0","-13.0","16.0","11.0","406.0","-148.0","-706.0","90","3"
"27.0","36.0","40.0","19.0","1","1","1","149.0","-237.0","8596.0","-14.0","15.0","12.0","401.0","-223.0","-715.0","90","0"
"25.0","35.0","76.0","21.0","1","1","1","-140.0","-378.0","8661.0","20.0","-1.0","95.0","412.0","-222.0","-720.0","90","0"
"21.0","30.0","69.0","5.0","1","1","1","67.0","-293.0","8623.0","7.0","7.0","169.0","405.0","-233.0","-719.0","90","0"
"15.0","27.0","16.0","32.0","1","1","1","122.0","-295.0","8673.0","-18.0","-15.0","198.0","407.0","-229.0","-713.0","90","0"
"7.0","16.0","6.0","38.0","1","1","1","165.0","-256.0","8582.0","-14.0","18.0","9.0","403.0","-237.0","-721.0","90","1"
"9.0","16.0","9.0","37.0","1","1","1","534.0","-213.0","8585.0","-7.0","24.0","-144.0","403.0","-239.0","-719.0","90","1"
"14.0","20.0","14.0","32.0","1","1","1","375.0","-353.0","8581.0","5.0","50.0","-135.0","406.0","-232.0","-718.0","90","1"
"20.0","27.0","19.0","28.0","1","1","1","103.0","-241.0","8543.0","-10.0","37.0","-78.0","399.0","-237.0","-717.0","90","1"
"25.0","35.0","78.0","21.0","1","1","1","212.0","-204.0","8499.0","-52.0","12.0","-120.0","400.0","-234.0","-718.0","90","1"
"32.0","41.0","38.0","14.0","1","1","1","174.0","-281.0","8627.0","-40.0","10.0","-198.0","394.0","-224.0","-724.0","90","1"
"43.0","48.0","55.0","8.0","1","1","1","201.0","-227.0","8657.0","11.0","1.0","-177.0","405.0","-229.0","-725.0","90","1"
"47.0","23.0","60.0","10.0","1","1","1","192.0","-217.0","8586.0","-15.0","13.0","12.0","419.0","-225.0","-715.0","90","2"
"50.0","54.0","87.0","5.0","1","1","1","446.0","-39.0","8552.0","-110.0","70.0","-3136.0","414.0","-182.0","-726.0","90","2"
"63.0","48.0","22.0","4.0","1","1","1","473.0","-143.0","8611.0","-117.0","79.0","-3287.0","406.0","-120.0","-720.0","90","2"
"23.0","53.0","21.0","16.0","1","1","1","178.0","-165.0","8587.0","-15.0","14.0","11.0","312.0","-30.0","-716.0","90","0"
"20.0","50.0","19.0","18.0","1","1","1","-43.0","-102.0","8587.0","-18.0","-29.0","157.0","317.0","-31.0","-709.0","90","0"
"16.0","53.0","14.0","24.0","1","1","1","183.0","-150.0","8687.0","-30.0","55.0","282.0","333.0","-29.0","-711.0","90","0"
"10.0","49.0","9.0","29.0","1","1","1","293.0","-200.0","8599.0","13.0","15.0","251.0","335.0","-51.0","-717.0","90","0"
"4.0","46.0","5.0","37.0","1","1","1","213.0","-164.0","8595.0","-14.0","16.0","11.0","345.0","-71.0","-723.0","90","1"
"6.0","47.0","4.0","34.0","1","1","1","544.0","-211.0","8591.0","-14.0","-27.0","-7.0","347.0","-61.0","-723.0","90","1"
"11.0","49.0","9.0","29.0","1","1","1","310.0","-142.0","8530.0","-49.0","-27.0","-24.0","339.0","-45.0","-713.0","90","1"
"17.0","52.0","15.0","23.0","1","1","1","275.0","-107.0","8586.0","-9.0","-66.0","-30.0","330.0","-44.0","-714.0","90","1"
"24.0","53.0","22.0","16.0","1","1","1","165.0","-177.0","8595.0","-13.0","18.0","13.0","333.0","-35.0","-707.0","90","3"
"31.0","53.0","22.0","42.0","1","1","1","200.0","-239.0","8645.0","65.0","3.0","2545.0","365.0","-65.0","-707.0","90","3"
"62.0","56.0","26.0","3.0","1","1","1","177.0","-204.0","8604.0","-13.0","10.0","11.0","411.0","-125.0","-723.0","90","0"
"54.0","55.0","25.0","5.0","1","1","1","-96.0","-288.0","8604.0","-29.0","-22.0","116.0","408.0","-124.0","-720.0","90","0"
"52.0","42.0","23.0","9.0","1","1","1","174.0","-278.0","8562.0","-11.0","-1.0","55.0","408.0","-134.0","-720.0","90","0"
"41.0","37.0","23.0","16.0","1","1","1","161.0","-220.0","8579.0","-24.0","16.0","100.0","407.0","-145.0","-709.0","90","3"
"35.0","46.0","29.0","20.0","1","1","1","443.0","-506.0","8569.0","62.0","-26.0","3086.0","417.0","-167.0","-721.0","90","3"
"37.0","23.0","32.0","22.0","1","1","1","164.0","-242.0","8601.0","-15.0","14.0","11.0","382.0","-266.0","-726.0","90","2"
"34.0","43.0","75.0","20.0","1","1","1","127.0","-257.0","8600.0","-14.0","22.0","15.0","413.0","-183.0","-713.0","90","0"
"31.0","43.0","42.0","21.0","1","1","1","-183.0","-223.0","8577.0","-24.0","6.0","54.0","413.0","-201.0","-721.0","90","0"
"27.0","40.0","73.0","30.0","1","1","1","74.0","-190.0","8597.0","-40.0","-6.0","84.0","407.0","-207.0","-723.0","90","0"
"21.0","36.0","27.0","33.0","1","1","1","134.0","-274.0","8619.0","-50.0","35.0","153.0","410.0","-184.0","-722.0","90","0"
"14.0","35.0","19.0","39.0","1","1","1","137.0","-213.0","8615.0","-32.0","0.0","204.0","415.0","-197.0","-723.0","90","0"
"7.0","35.0","56.0","47.0","1","1","1","160.0","-267.0","8574.0","-14.0","17.0","10.0","412.0","-208.0","-708.0","90","1"
"9.0","34.0","12.0","44.0","1","1","1","631.0","-242.0","8592.0","-15.0","62.0","-39.0","412.0","-196.0","-720.0","90","1"
"14.0","35.0","18.0","39.0","1","1","1","270.0","-336.0","8536.0","-12.0","32.0","-152.0","412.0","-202.0","-712.0","90","1"
"21.0","36.0","33.0","29.0","1","1","1","127.0","-322.0","8597.0","-29.0","50.0","-171.0","418.0","-198.0","-724.0","90","1"
"26.0","40.0","96.0","28.0","1","1","1","223.0","-295.0","8586.0","3.0","44.0","-140.0","411.0","-205.0","-723.0","90","1"
"33.0","44.0","74.0","21.0","1","1","1","232.0","-182.0","8527.0","-16.0","-27.0","-151.0","410.0","-198.0","-718.0","90","1"
"39.0","49.0","31.0","15.0","1","1","1","169.0","-255.0","8648.0","-77.0","26.0","-213.0","415.0","-195.0","-721.0","90","1"
"48.0","56.0","82.0","7.0","1","1","1","185.0","-198.0","8597.0","-14.0","14.0","14.0","421.0","-195.0","-711.0","90","2"
"57.0","49.0","20.0","5.0","1","1","1","373.0","-157.0","8560.0","-106.0","32.0","-3520.0","413.0","-135.0","-719.0","90","2"
"21.0","48.0","16.0","23.0","1","1","1","377.0","-220.0","8523.0","-133.0","-16.0","-4106.0","366.0","-70.0","-718.0","90","2"
"18.0","67.0","24.0","21.0","1","1","1","198.0","-161.0","8585.0","-13.0","16.0","10.0","264.0","-12.0","-712.0","90","0"
"16.0","80.0","102.0","23.0","1","1","1","-74.0","-215.0","8602.0","-14.0","22.0","188.0","270.0","-12.0","-720.0","90","0"
"12.0","73.0","15.0","27.0","1","1","1","76.0","-322.0","8537.0","-10.0","39.0","420.0","287.0","-15.0","-713.0","90","0"
"5.0","59.0","11.0","32.0","1","1","1","263.0","-178.0","8581.0","-15.0","21.0","13.0","306.0","-46.0","-708.0","90","1"
"8.0","69.0","14.0","30.0","1","1","1","546.0","-197.0","8576.0","-21.0","-1.0","129.0","311.0","-25.0","-719.0","90","1"
"14.0","56.0","17.0","23.0","1","1","1","324.0","-127.0","8573.0","-6.0","-90.0","29.0","294.0","-14.0","-704.0","90","1"
"21.0","60.0","26.0","17.0","1","1","1","40.0","-201.0","8498.0","11.0","66.0","15.0","294.0","-40.0","-714.0","90","1"
"28.0","63.0","51.0","10.0","1","1","1","154.0","-207.0","8708.0","-49.0","-48.0","-99.0","297.0","-27.0","-717.0","90","1"
"35.0","58.0","36.0","3.0","1","1","1","245.0","-177.0","8593.0","-13.0","14.0","11.0","285.0","-23.0","-711.0","90","0"
"33.0","58.0","33.0","5.0","1","1","1","4.0","-142.0","8527.0","-6.0","24.0","164.0","295.0","-15.0","-711.0","90","0"
"27.0","62.0","49.0","10.0","1","1","1","175.0","-288.0","8668.0","36.0","36.0","138.0","295.0","-23.0","-713.0","90","0"
"21.0","55.0","56.0","16.0","1","1","1","196.0","-120.0","8615.0","-3.0","-58.0","164.0","293.0","-39.0","-713.0","90","0"
"16.0","55.0","18.0","21.0","1","1","1","216.0","-401.0","8573.0","-17.0","10.0","371.0","304.0","-20.0","-714.0","90","0"
"11.0","54.0","12.0","24.0","1","1","1","186.0","-237.0","8542.0","-10.0","0.0","384.0","324.0","-32.0","-704.0","90","2"
"9.0","74.0","16.0","22.0","1","1","1","652.0","-78.0","8610.0","-80.0","52.0","-2577.0","282.0","-24.0","-722.0","90","2"
"14.0","10.0","3.0","26.0","1","1","1","279.0","-259.0","8586.0","-74.0","-1.0","-2613.0","209.0","-25.0","-705.0","90","2"
"5.0","10.0","104.0","32.0","1","1","1","172.0","-308.0","8571.0","-113.0","16.0","-2612.0","152.0","-62.0","-718.0","90","2"
"4.0","15.0","4.0","39.0","1","1","1","225.0","-180.0","8647.0","-98.0","-12.0","-2449.0","117.0","-115.0","-711.0","90","2"
"4.0","89.0","125.0","49.0","1","1","1","-52.0","-571.0","8653.0","-119.0","4.0","-2468.0","124.0","-146.0","-702.0","90","3"
"6.0","13.0","4.0","48.0","1","1","1","172.0","-126.0","8590.0","-15.0","17.0","14.0","139.0","-89.0","-705.0","90","2"
"5.0","17.0","17.0","48.0","1","1","1","325.0","-229.0","8713.0","-108.0","-18.0","-2750.0","122.0","-126.0","-710.0","90","2"
"7.0","8.0","42.0","49.0","1","1","1","159.0","-154.0","8590.0","-16.0","16.0","17.0","105.0","-187.0","-699.0","90","1"
"10.0","26.0","27.0","47.0","1","1","1","536.0","-163.0","8629.0","0.0","75.0","130.0","119.0","-181.0","-707.0","90","1"
"14.0","16.0","29.0","41.0","1","1","1","309.0","-218.0","8550.0","-8.0","-26.0","204.0","115.0","-179.0","-709.0","90","1"
"90.0","27.0","32.0","35.0","1","1","1","153.0","-194.0","8578.0","-47.0","40.0","221.0","123.0","-173.0","-707.0","90","1"
"26.0","38.0","36.0","29.0","1","1","1","202.0","-182.0","8676.0","-4.0","35.0","190.0","124.0","-166.0","-702.0","90","1"
"32.0","22.0","41.0","23.0","1","1","1","101.0","-102.0","8576.0","-3.0","-16.0","266.0","116.0","-168.0","-710.0","90","1"
"47.0","63.0","46.0","16.0","1","1","1","154.0","-45.0","8476.0","-50.0","23.0","225.0","118.0","-160.0","-708.0","90","1"
"45.0","44.0","23.0","9.0","1","1","1","140.0","56.0","8627.0","-1.0","-4.0","198.0","115.0","-167.0","-701.0","90","1"
"55.0","17.0","51.0","2.0","1","1","1","155.0","-127.0","8591.0","-14.0","14.0","9.0","125.0","-147.0","-703.0","90","3"
"53.0","14.0","52.0","3.0","1","1","1","461.0","-273.0","8670.0","125.0","12.0","4263.0","149.0","-95.0","-711.0","90","3"
"28.0","9.0","52.0","9.0","1","1","1","285.0","-79.0","8523.0","119.0","-82.0","3750.0","202.0","-54.0","-694.0","90","3"
"11.0","9.0","26.0","36.0","1","1","1","361.0","-441.0","8671.0","93.0","34.0","3274.0","272.0","-34.0","-710.0","90","2"
"34.0","8.0","26.0","11.0","1","1","1","425.0","-192.0","8550.0","-77.0","32.0","-2799.0","237.0","-37.0","-707.0","90","2"
"27.0","9.0","50.0","10.0","1","1","1","379.0","-200.0","8534.0","-97.0","17.0","-2970.0","175.0","-67.0","-699.0","90","2"
"51.0","15.0","51.0","3.0","1","1","1","286.0","-304.0","8631.0","-106.0","40.0","-2933.0","134.0","-124.0","-712.0","90","2"
"55.0","28.0","36.0","2.0","1","1","1","117.0","-135.0","8606.0","-14.0","17.0","13.0","108.0","-170.0","-706.0","90","0"
"50.0","27.0","35.0","4.0","1","1","1","-194.0","-280.0","8638.0","11.0","21.0","145.0","125.0","-161.0","-703.0","90","0"
"44.0","68.0","35.0","10.0","1","1","1","46.0","-117.0","8608.0","26.0","1.0","191.0","111.0","-161.0","-709.0","90","0"
"39.0","65.0","46.0","15.0","1","1","1","156.0","-190.0","8595.0","-5.0","17.0","253.0","117.0","-161.0","-703.0","90","0"
"32.0","20.0","34.0","22.0","1","1","1","225.0","-220.0","8716.0","-41.0","70.0","260.0","119.0","-147.0","-707.0","90","0"
"25.0","19.0","29.0","28.0","1","1","1","231.0","-194.0","8692.0","-6.0","4.0","216.0","121.0","-139.0","-703.0","90","0"
"19.0","17.0","60.0","35.0","1","1","1","267.0","-64.0","8618.0","-1.0","1.0","247.0","121.0","-133.0","-703.0","90","0"
"12.0","16.0","56.0","36.0","1","1","1","173.0","-36.0","8515.0","-19.0","62.0","356.0","121.0","-127.0","-707.0","90","0"
"5.0","13.0","10.0","44.0","1","1","1","118.0","-140.0","8587.0","-15.0","14.0","12.0","116.0","-116.0","-706.0","90","3"
"7.0","8.0","4.0","40.0","1","1","1","263.0","-620.0","8488.0","139.0","-20.0","4689.0","159.0","-63.0","-707.0","90","3"
"8.0","59.0","14.0","30.0","1","1","1","528.0","-224.0","8593.0","164.0","60.0","5089.0","271.0","-17.0","-711.0","90","3"
"9.0","45.0","6.0","31.0","1","1","1","489.0","-272.0","8643.0","107.0","86.0","4250.0","361.0","-73.0","-707.0","90","2"
"7.0","49.0","7.0","31.0","1","1","1","536.0","16.0","8409.0","-126.0","18.0","-3534.0","332.0","-54.0","-724.0","90","2"
"9.0","10.0","9.0","31.0","1","1","1","556.0","-322.0","8706.0","-182.0","-5.0","-4065.0","248.0","-28.0","-712.0","90","2"
"9.0","7.0","4.0","49.0","1","1","1","268.0","-248.0","8663.0","-143.0","27.0","-3376.0","171.0","-51.0","-703.0","90","2"
"6.0","12.0","80.0","47.0","1","1","1","263.0","-413.0","8732.0","-108.0","4.0","-2984.0","135.0","-105.0","-697.0","90","3"
"9.0","8.0","5.0","44.0","1","1","1","311.0","-583.0","8566.0","163.0","10.0","4655.0","168.0","-54.0","-706.0","90","3"
"8.0","59.0","48.0","29.0","1","1","1","245.0","-134.0","8576.0","-14.0","14.0","9.0","282.0","-36.0","-714.0","90","1"
"10.0","75.0","46.0","27.0","1","1","1","548.0","-204.0","8587.0","-17.0","22.0","-59.0","290.0","-30.0","-708.0","90","1"
"16.0","58.0","21.0","23.0","1","1","1","282.0","-163.0","8595.0","-7.0","-5.0","-125.0","276.0","-32.0","-710.0","90","1"
"22.0","66.0","26.0","16.0","1","1","1","205.0","-239.0","8699.0","-48.0","14.0","-140.0","276.0","-34.0","-706.0","90","1"
"28.0","59.0","52.0","10.0","1","1","1","240.0","-137.0","8577.0","-33.0","63.0","-64.0","268.0","-36.0","-710.0","90","1"
"35.0","64.0","75.0","4.0","1","1","1","208.0","-165.0","8592.0","-15.0","16.0","12.0","254.0","-26.0","-710.0","90","0"
"32.0","61.0","38.0","5.0","1","1","1","-84.0","-230.0","8637.0","-5.0","-50.0","60.0","268.0","-30.0","-698.0","90","0"
"28.0","55.0","55.0","11.0","1","1","1","148.0","-232.0","8628.0","-2.0","17.0","68.0","257.0","-33.0","-711.0","90","0"
"22.0","51.0","25.0","17.0","1","1","1","197.0","-211.0","8651.0","26.0","46.0","138.0","271.0","-35.0","-715.0","90","0"
"15.0","59.0","20.0","23.0","1","1","1","209.0","-237.0","8625.0","-13.0","6.0","114.0","274.0","-26.0","-718.0","90","0"
"6.0","64.0","43.0","31.0","1","1","1","234.0","-147.0","8600.0","-14.0","16.0","11.0","278.0","-34.0","-704.0","90","3"
"7.0","46.0","6.0","32.0","1","1","1","251.0","-550.0","8483.0","106.0","-25.0","3969.0","337.0","-47.0","-701.0","90","3"
"72.0","41.0","8.0","15.0","1","1","1","483.0","-166.0","8634.0","141.0","4.0","3789.0","394.0","-116.0","-710.0","90","3"
"43.0","57.0","72.0","11.0","1","1","1","170.0","-218.0","8602.0","-13.0","15.0","11.0","406.0","-190.0","-716.0","90","0"
"40.0","55.0","69.0","14.0","1","1","1","-120.0","-257.0","8539.0","-19.0","0.0","58.0","409.0","-193.0","-717.0","90","0"
"34.0","35.0","36.0","19.0","1","1","1","118.0","-326.0","8672.0","40.0","-12.0","38.0","403.0","-187.0","-731.0","90","0"
"28.0","36.0","27.0","25.0","1","1","1","190.0","-288.0","8582.0","12.0","36.0","89.0","402.0","-198.0","-716.0","90","0"
"22.0","45.0","27.0","32.0","1","1","1","211.0","-268.0","8608.0","-8.0","1.0","119.0","405.0","-193.0","-717.0","90","0"
"15.0","21.0","38.0","37.0","1","1","1","195.0","-181.0","8636.0","-3.0","42.0","191.0","403.0","-199.0","-711.0","90","0"
"7.0","13.0","52.0","47.0","1","1","1","216.0","-242.0","8585.0","-15.0","16.0","10.0","406.0","-210.0","-718.0","90","2"
"9.0","10.0","13.0","32.0","1","1","1","406.0","-196.0","8576.0","-119.0","80.0","-3319.0","404.0","-160.0","-718.0","90","2"
"13.0","7.0","8.0","45.0","1","1","1","380.0","-218.0","8631.0","-114.0","20.0","-3507.0","369.0","-93.0","-719.0","90","2"
"10.0","13.0","26.0","34.0","1","1","1","237.0","-157.0","8599.0","-14.0","12.0","14.0","307.0","-29.0","-711.0","90","0"
"8.0","12.0","24.0","36.0","1","1","1","-170.0","-67.0","8596.0","-26.0","-83.0","170.0","308.0","-38.0","-712.0","90","0"
"3.0","10.0","3.0","31.0","1","1","1","223.0","-163.0","8588.0","-14.0","15.0","14.0","317.0","-47.0","-707.0","90","1"
"5.0","10.0","11.0","39.0","1","1","1","643.0","-219.0","8584.0","1.0","-13.0","36.0","318.0","-46.0","-716.0","90","1"
"11.0","12.0","73.0","34.0","1","1","1","220.0","-201.0","8527.0","4.0","52.0","6.0","325.0","-47.0","-711.0","90","1"
"17.0","14.0","21.0","27.0","1","1","1","232.0","-211.0","8446.0","-57.0","-3.0","-34.0","322.0","-44.0","-712.0","90","1"
"23.0","16.0","25.0","21.0","1","1","1","240.0","-206.0","8589.0","-39.0","-26.0","-119.0","315.0","-45.0","-711.0","90","1"
"29.0","18.0","49.0","14.0","1","1","1","232.0","-255.0","8664.0","0.0","78.0","-189.0","311.0","-45.0","-713.0","90","1"
"35.0","20.0","79.0","8.0","1","1","1","237.0","-246.0","8667.0","-21.0","57.0","-142.0","317.0","-35.0","-703.0","90","1"
"42.0","25.0","59.0","2.0","1","1","1","220.0","-201.0","8588.0","-14.0","13.0","11.0","308.0","-52.0","-720.0","90","2"
"60.0","51.0","24.0","3.0","1","1","1","301.0","-159.0","8553.0","-129.0","6.0","-3592.0","257.0","-37.0","-717.0","90","2"
"56.0","45.0","29.0","21.0","1","1","1","357.0","-166.0","8587.0","-131.0","43.0","-3929.0","173.0","-59.0","-709.0","90","2"
"31.0","47.0","52.0","17.0","1","1","1","175.0","-121.0","8586.0","-12.0","14.0","12.0","121.0","-129.0","-711.0","90","0"
"28.0","47.0","26.0","20.0","1","1","1","-112.0","-193.0","8605.0","-3.0","-26.0","142.0","118.0","-128.0","-702.0","90","0"
"23.0","44.0","26.0","25.0","1","1","1","164.0","-196.0","8509.0","-26.0","-12.0","175.0","123.0","-129.0","-707.0","90","0"
"17.0","42.0","17.0","31.0","1","1","1","198.0","-243.0","8496.0","-2.0","17.0","219.0","135.0","-111.0","-703.0","90","0"
"11.0","40.0","16.0","38.0","1","1","1","147.0","-94.0","8602.0","14.0","-13.0","248.0","143.0","-119.0","-691.0","90","0"
"4.0","34.0","4.0","43.0","1","1","1","180.0","-120.0","8583.0","-14.0","16.0","12.0","135.0","-105.0","-693.0","90","3"
"8.0","32.0","3.0","14.0","1","1","1","251.0","-379.0","8596.0","111.0","5.0","3899.0","163.0","-63.0","-699.0","90","3"
"34.0","34.0","10.0","5.0","1","1","1","411.0","-119.0","8477.0","115.0","74.0","3843.0","238.0","-28.0","-696.0","90","3"
"34.0","61.0","33.0","5.0","1","1","1","206.0","-177.0","8581.0","-14.0","16.0","11.0","319.0","-33.0","-713.0","90","0"
"33.0","47.0","30.0","9.0","1","1","1","-59.0","-214.0","8603.0","-36.0","24.0","93.0","319.0","-33.0","-701.0","90","0"
"27.0","45.0","24.0","13.0","1","1","1","188.0","-214.0","8643.0","-7.0","-21.0","159.0","320.0","-48.0","-718.0","90","0"
"21.0","42.0","20.0","19.0","1","1","1","290.0","-273.0","8687.0","-11.0","22.0","173.0","325.0","-45.0","-713.0","90","0"
"14.0","39.0","21.0","23.0","1","1","1","131.0","-196.0","8615.0","-9.0","64.0","141.0","333.0","-53.0","-711.0","90","0"
"9.0","37.0","7.0","33.0","1","1","1","309.0","-157.0","8512.0","-17.0","-8.0","168.0","330.0","-48.0","-712.0","90","0"
"9.0","33.0","6.0","30.0","1","1","1","213.0","-195.0","8579.0","-14.0","14.0","10.0","343.0","-53.0","-713.0","90","3"
"10.0","31.0","6.0","46.0","1","1","1","259.0","-459.0","8492.0","117.0","12.0","3953.0","382.0","-84.0","-700.0","90","3"
"32.0","36.0","12.0","21.0","1","1","1","431.0","-212.0","8550.0","117.0","33.0","3971.0","413.0","-173.0","-719.0","90","3"
"32.0","38.0","28.0","24.0","1","1","1","162.0","-216.0","8592.0","-13.0","19.0","9.0","393.0","-247.0","-727.0","90","0"
"30.0","36.0","27.0","26.0","1","1","1","-232.0","-217.0","8602.0","-50.0","-77.0","88.0","393.0","-245.0","-717.0","90","0"
"26.0","36.0","24.0","31.0","1","1","1","5.0","-324.0","8606.0","-4.0","0.0","23.0","387.0","-243.0","-719.0","90","0"
"21.0","35.0","17.0","36.0","1","1","1","157.0","-244.0","8544.0","-24.0","47.0","53.0","394.0","-240.0","-716.0","90","0"
"15.0","34.0","11.0","41.0","1","1","1","201.0","-297.0","8572.0","3.0","20.0","119.0","395.0","-241.0","-715.0","90","0"
"8.0","30.0","5.0","48.0","1","1","1","195.0","-271.0","8594.0","-15.0","13.0","12.0","391.0","-253.0","-715.0","90","2"
"7.0","7.0","6.0","48.0","1","1","1","324.0","-286.0","8677.0","-126.0","-27.0","-3287.0","405.0","-219.0","-723.0","90","2"
"10.0","6.0","15.0","31.0","1","1","1","411.0","-154.0","8468.0","-192.0","43.0","-3845.0","409.0","-141.0","-731.0","90","2"
"15.0","8.0","14.0","33.0","1","1","1","392.0","-274.0","8672.0","-139.0","54.0","-3961.0","353.0","-63.0","-719.0","90","2"
"15.0","21.0","66.0","31.0","1","1","1","200.0","-155.0","8599.0","-15.0","15.0","12.0","278.0","-30.0","-700.0","90","0"
"12.0","24.0","62.0","34.0","1","1","1","221.0","-135.0","8596.0","-14.0","14.0","10.0","280.0","-42.0","-704.0","90","2"
"19.0","13.0","50.0","34.0","1","1","1","424.0","-75.0","8565.0","-74.0","75.0","-2377.0","250.0","-40.0","-716.0","90","2"
"51.0","12.0","76.0","39.0","1","1","1","251.0","-137.0","8568.0","-108.0","10.0","-2850.0","192.0","-54.0","-706.0","90","2"
"45.0","18.0","42.0","14.0","1","1","1","186.0","-122.0","8596.0","-14.0","14.0","11.0","151.0","-87.0","-699.0","90","0"
"43.0","16.0","41.0","18.0","1","1","1","-88.0","-173.0","8651.0","-25.0","-32.0","162.0","145.0","-81.0","-705.0","90","0"
"40.0","14.0","36.0","20.0","1","1","1","55.0","-83.0","8612.0","-10.0","-27.0","354.0","151.0","-75.0","-705.0","90","0"
"34.0","12.0","29.0","24.0","1","1","1","243.0","-202.0","8766.0","42.0","55.0","307.0","163.0","-79.0","-707.0","90","0"
"31.0","5.0","25.0","31.0","1","1","1","220.0","-33.0","8581.0","-36.0","-32.0","521.0","167.0","-81.0","-699.0","90","0"
"47.0","3.0","22.0","35.0","1","1","1","152.0","-158.0","8584.0","-15.0","6.0","13.0","181.0","-67.0","-705.0","90","2"
"24.0","3.0","24.0","39.0","1","1","1","172.0","-54.0","8588.0","-86.0","43.0","-1990.0","160.0","-90.0","-716.0","90","2"
"24.0","7.0","31.0","29.0","1","1","1","208.0","-150.0","8598.0","-14.0","10.0","12.0","122.0","-126.0","-696.0","90","0"
"23.0","6.0","24.0","31.0","1","1","1","-115.0","-185.0","8613.0","-15.0","-67.0","146.0","134.0","-118.0","-702.0","90","0"
"18.0","4.0","28.0","35.0","1","1","1","113.0","-191.0","8642.0","32.0","95.0","298.0","137.0","-119.0","-701.0","90","0"
"12.0","9.0","12.0","42.0","1","1","1","131.0","-134.0","8594.0","-12.0","21.0","11.0","155.0","-113.0","-701.0","90","2"
"12.0","3.0","21.0","40.0","1","1","1","284.0","-72.0","8630.0","-65.0","12.0","-1942.0","132.0","-150.0","-706.0","90","2"
"16.0","11.0","57.0","39.0","1","1","1","210.0","-134.0","8571.0","-113.0","1.0","-2415.0","115.0","-179.0","-705.0","90","2"
"24.0","13.0","37.0","61.0","1","1","1","136.0","31.0","8621.0","-92.0","53.0","-2846.0","140.0","-248.0","-720.0","90","2"
"37.0","16.0","56.0","8.0","1","1","1","202.0","-244.0","8638.0","-142.0","-23.0","-3501.0","181.0","-295.0","-717.0","90","2"
"42.0","28.0","57.0","4.0","1","1","1","256.0","-88.0","8586.0","-145.0","-44.0","-3816.0","262.0","-300.0","-716.0","90","0"
"59.0","36.0","53.0","9.0","1","1","1","-55.0","-303.0","8613.0","-15.0","49.0","88.0","275.0","-313.0","-707.0","90","0"
"55.0","34.0","49.0","14.0","1","1","1","60.0","-113.0","8580.0","-32.0","-27.0","124.0","269.0","-317.0","-713.0","90","0"
"52.0","30.0","47.0","20.0","1","1","1","82.0","-233.0","8547.0","11.0","20.0","168.0","271.0","-317.0","-715.0","90","0"
"49.0","27.0","37.0","27.0","1","1","1","74.0","-201.0","8682.0","16.0","56.0","199.0","261.0","-325.0","-717.0","90","0"
"14.0","59.0","40.0","34.0","1","1","1","199.0","-202.0","8532.0","-30.0","-32.0","124.0","260.0","-338.0","-714.0","90","2"
"39.0","4.0","29.0","37.0","1","1","1","497.0","-75.0","8489.0","-110.0","39.0","-3226.0","318.0","-328.0","-722.0","90","2"
"30.0","7.0","26.0","41.0","1","1","1","289.0","-274.0","8587.0","-102.0","82.0","-3621.0","383.0","-281.0","-723.0","90","2"
"27.0","34.0","47.0","19.0","1","1","1","163.0","-232.0","8588.0","-14.0","14.0","12.0","409.0","-175.0","-719.0","90","0"
"25.0","32.0","43.0","21.0","1","1","1","-162.0","-295.0","8578.0","-8.0","-3.0","117.0","406.0","-188.0","-712.0","90","0"
"20.0","28.0","45.0","25.0","1","1","1","12.0","-250.0","8685.0","-13.0","-89.0","89.0","419.0","-185.0","-719.0","90","0"
"14.0","25.0","47.0","24.0","1","1","1","205.0","-322.0","8623.0","-16.0","30.0","127.0","420.0","-192.0","-714.0","90","0"
"6.0","21.0","72.0","40.0","1","1","1","214.0","-272.0","8578.0","-13.0","15.0","11.0","417.0","-207.0","-701.0","90","2"
"71.0","8.0","35.0","42.0","1","1","1","399.0","-394.0","8541.0","-157.0","48.0","-3467.0","411.0","-153.0","-725.0","90","2"
"33.0","11.0","29.0","16.0","1","1","1","402.0","-192.0","8550.0","-153.0","47.0","-4169.0","364.0","-78.0","-718.0","90","2"
"32.0","20.0","36.0","14.0","1","1","1","238.0","-157.0","8581.0","-15.0","15.0","11.0","280.0","-24.0","-706.0","90","0"
"29.0","21.0","37.0","17.0","1","1","1","-47.0","-248.0","8602.0","-33.0","31.0","159.0","273.0","-25.0","-711.0","90","0"
"23.0","62.0","76.0","22.0","1","1","1","155.0","-293.0","8620.0","0.0","11.0","217.0","289.0","-31.0","-707.0","90","0"
"17.0","24.0","75.0","28.0","1","1","1","168.0","-247.0","8519.0","18.0","12.0","256.0","283.0","-31.0","-715.0","90","0"
"11.0","25.0","89.0","35.0","1","1","1","273.0","-149.0","8655.0","-30.0","-17.0","277.0","293.0","-37.0","-715.0","90","0"
"4.0","14.0","5.0","24.0","1","1","1","218.0","-151.0","8592.0","-14.0","19.0","11.0","292.0","-40.0","-710.0","90","2"
"5.0","5.0","55.0","42.0","1","1","1","370.0","-88.0","8611.0","-76.0","82.0","-2294.0","254.0","-48.0","-718.0","90","2"
"67.0","3.0","44.0","25.0","1","1","1","238.0","-246.0","8562.0","-74.0","23.0","-2369.0","220.0","-46.0","-712.0","90","2"
"46.0","5.0","41.0","20.0","1","1","1","277.0","-133.0","8555.0","-96.0","49.0","-2523.0","169.0","-81.0","-707.0","90","2"
"42.0","10.0","45.0","13.0","1","1","1","194.0","-233.0","8591.0","-63.0","33.0","-2529.0","141.0","-103.0","-717.0","90","2"
"43.0","34.0","31.0","11.0","1","1","1","114.0","-138.0","8610.0","-13.0","20.0","8.0","115.0","-153.0","-707.0","90","0"
"40.0","18.0","41.0","13.0","1","1","1","-139.0","-254.0","8605.0","-6.0","-41.0","173.0","117.0","-155.0","-703.0","90","0"
"35.0","17.0","40.0","19.0","1","1","1","60.0","-214.0","8588.0","12.0","88.0","264.0","123.0","-141.0","-701.0","90","0"
"28.0","14.0","33.0","25.0","1","1","1","167.0","-162.0","8521.0","-13.0","51.0","325.0","120.0","-142.0","-694.0","90","0"
"22.0","12.0","27.0","32.0","1","1","1","182.0","-233.0","8607.0","-12.0","-21.0","319.0","121.0","-135.0","-705.0","90","0"
"15.0","10.0","97.0","38.0","1","1","1","202.0","-134.0","8702.0","-7.0","9.0","326.0","125.0","-125.0","-701.0","90","0"
"7.0","6.0","63.0","45.0","1","1","1","151.0","-123.0","8587.0","-15.0","18.0","13.0","128.0","-118.0","-710.0","90","2"
"9.0","10.0","15.0","23.0","1","1","1","270.0","51.0","8527.0","-86.0","36.0","-2275.0","122.0","-162.0","-706.0","90","2"
"18.0","8.0","35.0","46.0","1","1","1","146.0","-299.0","8646.0","-124.0","-8.0","-2843.0","117.0","-215.0","-715.0","90","2"
"52.0","10.0","30.0","19.0","1","1","1","181.0","-262.0","8587.0","-117.0","23.0","-3072.0","147.0","-269.0","-713.0","90","2"
"32.0","16.0","51.0","9.0","1","1","1","115.0","-212.0","8599.0","-14.0","16.0","11.0","219.0","-305.0","-711.0","90","0"
"28.0","15.0","51.0","11.0","1","1","1","-172.0","-260.0","8647.0","-18.0","-51.0","40.0","213.0","-313.0","-717.0","90","0"
"22.0","10.0","57.0","18.0","1","1","1","3.0","-240.0","8473.0","36.0","-19.0","-19.0","211.0","-303.0","-719.0","90","0"
"16.0","9.0","16.0","32.0","1","1","1","185.0","-195.0","8727.0","17.0","70.0","137.0","206.0","-308.0","-720.0","90","0"
"7.0","6.0","8.0","32.0","1","1","1","149.0","-193.0","8597.0","-14.0","13.0","11.0","221.0","-309.0","-721.0","90","1"
"9.0","7.0","9.0","30.0","1","1","1","351.0","-171.0","8555.0","-19.0","83.0","-63.0","206.0","-306.0","-710.0","90","1"
"13.0","8.0","17.0","27.0","1","1","1","273.0","-212.0","8652.0","-23.0","46.0","-74.0","215.0","-321.0","-711.0","90","1"
"18.0","10.0","18.0","22.0","1","1","1","141.0","-197.0","8533.0","-27.0","6.0","-133.0","215.0","-311.0","-711.0","90","1"
"23.0","12.0","56.0","16.0","1","1","1","173.0","-168.0","8571.0","-62.0","17.0","-108.0","217.0","-299.0","-713.0","90","1"
"28.0","53.0","58.0","12.0","1","1","1","209.0","-217.0","8629.0","15.0","69.0","-129.0","217.0","-313.0","-717.0","90","1"
"31.0","17.0","50.0","7.0","1","1","1","152.0","-165.0","8561.0","9.0","-13.0","-109.0","221.0","-317.0","-717.0","90","1"
"37.0","21.0","52.0","3.0","1","1","1","156.0","-196.0","8595.0","-15.0","15.0","9.0","224.0","-318.0","-722.0","90","2"
"64.0","38.0","60.0","3.0","1","1","1","315.0","-281.0","8634.0","-159.0","5.0","-3797.0","288.0","-314.0","-728.0","90","2"
"45.0","51.0","38.0","8.0","1","1","1","552.0","-338.0","8670.0","-144.0","22.0","-4311.0","358.0","-286.0","-718.0","90","2"
"41.0","30.0","38.0","13.0","1","1","1","179.0","-219.0","8592.0","-13.0","15.0","11.0","403.0","-195.0","-715.0","90","0"
"38.0","32.0","34.0","15.0","1","1","1","-81.0","-205.0","8583.0","2.0","27.0","46.0","399.0","-195.0","-723.0","90","0"
"33.0","35.0","30.0","21.0","1","1","1","59.0","-166.0","8633.0","-19.0","24.0","77.0","399.0","-193.0","-719.0","90","0"
"26.0","34.0","53.0","27.0","1","1","1","100.0","-232.0","8543.0","17.0","56.0","140.0","413.0","-199.0","-729.0","90","0"
"20.0","29.0","32.0","33.0","1","1","1","207.0","-174.0","8532.0","5.0","19.0","133.0","396.0","-194.0","-720.0","90","0"
"14.0","24.0","46.0","39.0","1","1","1","200.0","-251.0","8595.0","-24.0","-63.0","141.0","406.0","-194.0","-722.0","90","0"
"5.0","21.0","9.0","47.0","1","1","1","197.0","-230.0","8597.0","-15.0","17.0","11.0","407.0","-205.0","-719.0","90","3"
"6.0","18.0","4.0","48.0","1","1","1","207.0","-378.0","8591.0","82.0","21.0","2696.0","391.0","-231.0","-721.0","90","3"
"91.0","40.0","5.0","65.0","1","1","1","176.0","-308.0","8506.0","54.0","11.0","2806.0","351.0","-279.0","-705.0","90","3"
"19.0","37.0","9.0","8.0","1","1","1","185.0","-268.0","8582.0","30.0","-23.0","2212.0","313.0","-295.0","-705.0","90","3"
"40.0","33.0","17.0","7.0","1","1","1","120.0","-244.0","8591.0","-15.0","17.0","13.0","259.0","-307.0","-707.0","90","3"
"38.0","58.0","25.0","7.0","1","1","1","136.0","-227.0","8621.0","-15.0","-22.0","25.0","241.0","-305.0","-707.0","90","0"
"35.0","53.0","38.0","10.0","1","1","1","-170.0","-214.0","8627.0","-33.0","61.0","-61.0","248.0","-310.0","-714.0","90","0"
"30.0","49.0","83.0","15.0","1","1","1","-46.0","-218.0","8587.0","-20.0","-10.0","38.0","245.0","-315.0","-715.0","90","0"
"23.0","35.0","26.0","22.0","1","1","1","225.0","-250.0","8617.0","-4.0","60.0","122.0","243.0","-313.0","-719.0","90","0"
"17.0","50.0","21.0","28.0","1","1","1","79.0","-306.0","8658.0","3.0","0.0","183.0","240.0","-322.0","-712.0","90","0"
"11.0","48.0","16.0","34.0","1","1","1","22.0","-216.0","8596.0","-27.0","-20.0","92.0","228.0","-328.0","-724.0","90","0"
"4.0","9.0","10.0","42.0","1","1","1","120.0","-206.0","8595.0","-14.0","13.0","10.0","226.0","-308.0","-704.0","90","3"
"3.0","43.0","6.0","20.0","1","1","1","-2.0","-364.0","8673.0","82.0","-5.0","2925.0","179.0","-289.0","-705.0","90","3"
"9.0","38.0","3.0","12.0","1","1","1","215.0","-318.0","8628.0","111.0","17.0","3861.0","125.0","-227.0","-711.0","90","3"
"39.0","49.0","19.0","7.0","1","1","1","158.0","-133.0","8578.0","-15.0","15.0","12.0","111.0","-141.0","-701.0","90","3"
"41.0","42.0","41.0","10.0","1","1","1","206.0","-242.0","8586.0","106.0","-53.0","3678.0","143.0","-85.0","-701.0","90","3"
"52.0","36.0","41.0","17.0","1","1","1","235.0","-126.0","8595.0","-13.0","13.0","11.0","196.0","-44.0","-704.0","90","0"
"57.0","34.0","40.0","19.0","1","1","1","-123.0","-179.0","8568.0","-24.0","4.0","86.0","200.0","-38.0","-704.0","90","0"
"50.0","29.0","40.0","25.0","1","1","1","164.0","-66.0","8595.0","-29.0","-13.0","216.0","207.0","-53.0","-703.0","90","0"
"48.0","25.0","36.0","31.0","1","1","1","116.0","-60.0","8551.0","-26.0","-29.0","331.0","206.0","-36.0","-708.0","90","0"
"26.0","19.0","32.0","38.0","1","1","1","265.0","-124.0","8572.0","31.0","31.0","146.0","205.0","-35.0","-709.0","90","0"
"19.0","14.0","30.0","44.0","1","1","1","365.0","-43.0","8517.0","8.0","14.0","296.0","212.0","-40.0","-710.0","90","0"
"8.0","8.0","27.0","39.0","1","1","1","198.0","-152.0","8589.0","-13.0","18.0","12.0","219.0","-47.0","-711.0","90","2"
"35.0","9.0","25.0","19.0","1","1","1","368.0","-169.0","8687.0","-117.0","25.0","-2595.0","194.0","-66.0","-708.0","90","2"
"27.0","9.0","24.0","31.0","1","1","1","355.0","-212.0","8642.0","-105.0","-26.0","-2775.0","158.0","-94.0","-702.0","90","2"
"26.0","16.0","39.0","28.0","1","1","1","152.0","-146.0","8596.0","-14.0","13.0","12.0","121.0","-143.0","-709.0","90","0"
"24.0","15.0","37.0","30.0","1","1","1","-214.0","-165.0","8631.0","-21.0","-14.0","125.0","117.0","-139.0","-705.0","90","0"
"19.0","13.0","53.0","34.0","1","1","1","121.0","-161.0","8577.0","-25.0","67.0","303.0","125.0","-133.0","-699.0","90","0"
"13.0","10.0","19.0","40.0","1","1","1","223.0","-196.0","8616.0","21.0","62.0","355.0","123.0","-121.0","-713.0","90","0"
"6.0","7.0","61.0","46.0","1","1","1","152.0","-126.0","8574.0","-16.0","0.0","13.0","123.0","-111.0","-715.0","90","2"
"7.0","15.0","14.0","20.0","1","1","1","226.0","-110.0","8612.0","-88.0","78.0","-2081.0","118.0","-148.0","-712.0","90","2"
"15.0","7.0","37.0","46.0","1","1","1","198.0","-125.0","8558.0","-111.0","25.0","-2709.0","108.0","-216.0","-718.0","90","2"
"47.0","7.0","29.0","21.0","1","1","1","201.0","-183.0","8564.0","-130.0","7.0","-3179.0","138.0","-260.0","-712.0","90","2"
"29.0","16.0","52.0","10.0","1","1","1","108.0","-212.0","8600.0","-14.0","13.0","9.0","212.0","-306.0","-714.0","90","0"
"27.0","14.0","51.0","13.0","1","1","1","-249.0","-183.0","8649.0","-8.0","-20.0","17.0","221.0","-311.0","-715.0","90","0"
"22.0","9.0","55.0","17.0","1","1","1","-9.0","-275.0","8638.0","-10.0","-29.0","50.0","219.0","-305.0","-717.0","90","0"
"15.0","9.0","15.0","25.0","1","1","1","185.0","-190.0","8569.0","-3.0","36.0","80.0","215.0","-313.0","-719.0","90","0"
"7.0","7.0","10.0","32.0","1","1","1","146.0","-182.0","8597.0","-15.0","14.0","11.0","219.0","-317.0","-715.0","90","2"
"8.0","14.0","13.0","30.0","1","1","1","174.0","-102.0","8594.0","-105.0","46.0","-2976.0","266.0","-320.0","-720.0","90","2"
"50.0","5.0","43.0","32.0","1","1","1","346.0","-197.0","8603.0","-103.0","60.0","-3407.0","340.0","-308.0","-718.0","90","2"
"44.0","16.0","43.0","6.0","1","1","1","181.0","-233.0","8597.0","-15.0","15.0","13.0","403.0","-243.0","-721.0","90","0"
"42.0","15.0","39.0","7.0","1","1","1","-156.0","-192.0","8655.0","10.0","-10.0","125.0","387.0","-241.0","-719.0","90","0"
"36.0","10.0","33.0","13.0","1","1","1","160.0","-209.0","8671.0","4.0","-43.0","94.0","397.0","-235.0","-719.0","90","0"
"31.0","8.0","29.0","19.0","1","1","1","139.0","-266.0","8567.0","7.0","13.0","105.0","397.0","-245.0","-715.0","90","0"
"25.0","6.0","26.0","25.0","1","1","1","220.0","-233.0","8504.0","10.0","20.0","244.0","384.0","-246.0","-716.0","90","0"
"20.0","4.0","17.0","30.0","1","1","1","84.0","-238.0","8491.0","-38.0","95.0","281.0","394.0","-250.0","-716.0","90","0"
"13.0","5.0","11.0","37.0","1","1","1","111.0","-228.0","8591.0","-12.0","19.0","8.0","398.0","-268.0","-724.0","90","2"
"12.0","6.0","13.0","35.0","1","1","1","305.0","-232.0","8503.0","-95.0","31.0","-2757.0","411.0","-223.0","-717.0","90","2"
"14.0","17.0","48.0","34.0","1","1","1","204.0","-396.0","8620.0","-94.0","-31.0","-2479.0","419.0","-165.0","-721.0","90","2"
"51.0","14.0","42.0","38.0","1","1","1","257.0","-255.0","8464.0","-103.0","-28.0","-2638.0","410.0","-118.0","-722.0","90","2"
"44.0","15.0","43.0","3.0","1","1","1","261.0","-163.0","8541.0","-85.0","25.0","-2741.0","360.0","-58.0","-714.0","90","2"
"44.0","22.0","42.0","3.0","1","1","1","229.0","-207.0","8594.0","-15.0","15.0","11.0","302.0","-24.0","-722.0","90","0"
"41.0","21.0","35.0","3.0","1","1","1","-159.0","-269.0","8572.0","14.0","-40.0","115.0","304.0","-24.0","-714.0","90","0"
"36.0","23.0","33.0","8.0","1","1","1","64.0","-245.0","8485.0","-6.0","-23.0","392.0","308.0","-34.0","-716.0","90","0"
"31.0","20.0","32.0","13.0","1","1","1","204.0","-328.0","8554.0","15.0","32.0","715.0","316.0","-44.0","-718.0","90","0"
"26.0","17.0","25.0","16.0","1","1","1","318.0","-207.0","8608.0","-12.0","-51.0","391.0","323.0","-45.0","-713.0","90","0"
"21.0","15.0","23.0","18.0","1","1","1","251.0","-333.0","8578.0","23.0","12.0","430.0","335.0","-57.0","-711.0","90","0"
"16.0","11.0","14.0","43.0","1","1","1","368.0","-163.0","8633.0","6.0","84.0","488.0","339.0","-55.0","-717.0","90","0"
"12.0","7.0","8.0","85.0","1","1","1","211.0","-167.0","8582.0","-16.0","15.0","14.0","359.0","-89.0","-723.0","90","2"
"11.0","10.0","11.0","35.0","1","1","1","361.0","-132.0","8595.0","-98.0","32.0","-2414.0","338.0","-60.0","-714.0","90","2"
"12.0","17.0","70.0","32.0","1","1","1","363.0","-281.0","8668.0","-107.0","5.0","-2545.0","281.0","-43.0","-709.0","90","2"
"43.0","12.0","46.0","36.0","1","1","1","213.0","-120.0","8584.0","-15.0","10.0","14.0","223.0","-41.0","-713.0","90","2"
"71.0","13.0","45.0","33.0","1","1","1","350.0","-92.0","8550.0","-98.0","21.0","-2048.0","194.0","-66.0","-710.0","90","2"
"44.0","17.0","41.0","16.0","1","1","1","301.0","-152.0","8564.0","-105.0","20.0","-2572.0","154.0","-94.0","-714.0","90","2"
"42.0","25.0","55.0","11.0","1","1","1","298.0","-339.0","8617.0","-110.0","-24.0","-3010.0","125.0","-131.0","-705.0","90","2"
"45.0","21.0","42.0","11.0","1","1","1","109.0","-151.0","8612.0","-14.0","16.0","12.0","108.0","-210.0","-698.0","90","3"
"44.0","28.0","34.0","11.0","1","1","1","280.0","-425.0","8652.0","118.0","-63.0","3876.0","119.0","-151.0","-699.0","90","3"
"30.0","15.0","43.0","34.0","1","1","1","174.0","-102.0","8585.0","-14.0","14.0","11.0","180.0","-48.0","-708.0","90","0"
"72.0","13.0","42.0","35.0","1","1","1","-117.0","-112.0","8649.0","-50.0","-85.0","182.0","189.0","-53.0","-707.0","90","0"
"38.0","10.0","39.0","36.0","1","1","1","56.0","-247.0","8597.0","-18.0","29.0","259.0","203.0","-37.0","-699.0","90","0"
"12.0","4.0","35.0","35.0","1","1","1","240.0","-132.0","8596.0","-16.0","25.0","14.0","203.0","-51.0","-707.0","90","2"
"39.0","5.0","34.0","27.0","1","1","1","202.0","-139.0","8591.0","-87.0","38.0","-2163.0","182.0","-66.0","-714.0","90","2"
"36.0","11.0","34.0","20.0","1","1","1","152.0","-130.0","8601.0","-13.0","16.0","9.0","151.0","-105.0","-699.0","90","2"
"36.0","13.0","40.0","18.0","1","1","1","154.0","-140.0","8590.0","-13.0","17.0","11.0","122.0","-134.0","-698.0","90","0"
"34.0","12.0","36.0","19.0","1","1","1","-262.0","-155.0","8592.0","-16.0","-7.0","135.0","121.0","-127.0","-703.0","90","0"
"28.0","10.0","30.0","25.0","1","1","1","53.0","-161.0","8583.0","-22.0","-25.0","268.0","120.0","-126.0","-706.0","90","0"
"23.0","7.0","28.0","30.0","1","1","1","106.0","-154.0","8540.0","35.0","-80.0","318.0","137.0","-107.0","-707.0","90","0"
"17.0","4.0","17.0","36.0","1","1","1","224.0","-91.0","8598.0","-15.0","79.0","362.0","137.0","-111.0","-705.0","90","0"
"10.0","3240.0","85.0","43.0","1","1","1","264.0","-14.0","8542.0","-97.0","45.0","-2009.0","139.0","-113.0","-707.0","90","2"
"12.0","7.0","84.0","42.0","1","1","1","86.0","-159.0","8596.0","-111.0","-14.0","-2141.0","117.0","-163.0","-711.0","90","2"
"21.0","10.0","40.0","39.0","1","1","1","238.0","-246.0","8687.0","-112.0","14.0","-2651.0","124.0","-216.0","-714.0","90","2"
"41.0","13.0","37.0","26.0","1","1","1","175.0","-145.0","8519.0","-129.0","2.0","-3631.0","152.0","-280.0","-724.0","90","2"
"39.0","23.0","43.0","5.0","1","1","1","143.0","-199.0","8590.0","-14.0","18.0","11.0","235.0","-307.0","-715.0","90","0"
"37.0","22.0","43.0","7.0","1","1","1","-208.0","-210.0","8597.0","-13.0","-22.0","78.0","234.0","-308.0","-722.0","90","0"
"31.0","20.0","54.0","11.0","1","1","1","-33.0","-183.0","8574.0","-25.0","-52.0","108.0","224.0","-316.0","-724.0","90","0"
"24.0","44.0","50.0","20.0","1","1","1","142.0","-133.0","8614.0","2.0","76.0","26.0","230.0","-318.0","-718.0","90","0"
"18.0","70.0","94.0","26.0","1","1","1","226.0","-291.0","8639.0","-1.0","44.0","127.0","230.0","-312.0","-712.0","90","0"
"11.0","15.0","70.0","33.0","1","1","1","76.0","-116.0","8595.0","-21.0","-8.0","206.0","223.0","-311.0","-721.0","90","0"
"4.0","7.0","8.0","42.0","1","1","1","112.0","-194.0","8589.0","-14.0","13.0","9.0","233.0","-313.0","-723.0","90","1"
"5.0","91.0","11.0","38.0","1","1","1","492.0","-220.0","8592.0","-38.0","-12.0","-38.0","228.0","-324.0","-716.0","90","1"
"11.0","14.0","14.0","34.0","1","1","1","242.0","-135.0","8525.0","-41.0","55.0","-114.0","233.0","-323.0","-721.0","90","1"
"16.0","18.0","70.0","28.0","1","1","1","168.0","-276.0","8619.0","-31.0","-23.0","-134.0","232.0","-320.0","-706.0","90","1"
"23.0","40.0","50.0","22.0","1","1","1","89.0","-259.0","8686.0","-19.0","73.0","-54.0","234.0","-320.0","-722.0","90","1"
"29.0","45.0","52.0","16.0","1","1","1","78.0","-184.0","8580.0","-28.0","70.0","-72.0","236.0","-314.0","-720.0","90","1"
"35.0","23.0","54.0","10.0","1","1","1","74.0","-318.0","8518.0","-8.0","44.0","-242.0","244.0","-316.0","-718.0","90","1"
"40.0","26.0","41.0","4.0","1","1","1","164.0","-202.0","8592.0","-13.0","10.0","14.0","255.0","-315.0","-721.0","90","2"
"59.0","38.0","32.0","4.0","1","1","1","293.0","-122.0","8630.0","-119.0","31.0","-3638.0","301.0","-317.0","-719.0","90","2"
"42.0","40.0","36.0","18.0","1","1","1","364.0","-359.0","8635.0","-131.0","-23.0","-4023.0","372.0","-286.0","-710.0","90","2"
"38.0","29.0","34.0","16.0","1","1","1","189.0","-233.0","8589.0","-12.0","17.0","11.0","394.0","-176.0","-712.0","90","0"
"37.0","29.0","34.0","18.0","1","1","1","-194.0","-170.0","8600.0","0.0","3.0","18.0","401.0","-175.0","-717.0","90","0"
"31.0","34.0","10.0","22.0","1","1","1","107.0","-114.0","8535.0","-7.0","-3.0","96.0","406.0","-174.0","-712.0","90","0"
"26.0","33.0","51.0","29.0","1","1","1","34.0","-73.0","8526.0","-9.0","-34.0","161.0","409.0","-179.0","-723.0","90","0"
"19.0","29.0","6.0","34.0","1","1","1","229.0","-180.0","8654.0","-29.0","-24.0","201.0","402.0","-178.0","-716.0","90","0"
"13.0","27.0","9.0","37.0","1","1","1","188.0","-161.0","8624.0","-30.0","-35.0","164.0","407.0","-181.0","-719.0","90","0"
"4.0","7.0","4.0","49.0","1","1","1","198.0","-213.0","8586.0","-14.0","18.0","11.0","401.0","-185.0","-709.0","90","3"
"4.0","20.0","4.0","49.0","1","1","1","220.0","-417.0","8663.0","45.0","-3.0","2813.0","390.0","-226.0","-714.0","90","3"
"8.0","42.0","3.0","70.0","1","1","1","296.0","-310.0","8602.0","58.0","-26.0","2579.0","367.0","-265.0","-715.0","90","3"
"20.0","41.0","5.0","70.0","1","1","1","233.0","-316.0","8627.0","67.0","-26.0","2647.0","324.0","-292.0","-712.0","90","3"
"23.0","51.0","18.0","3.0","1","1","1","198.0","-232.0","8613.0","61.0","-30.0","2336.0","271.0","-307.0","-711.0","90","3"
"40.0","88.0","18.0","3.0","1","1","1","115.0","-239.0","8603.0","-12.0","8.0","13.0","224.0","-306.0","-716.0","90","0"
"37.0","60.0","38.0","6.0","1","1","1","-229.0","-219.0","8608.0","1.0","16.0","-77.0","236.0","-308.0","-720.0","90","0"
"32.0","56.0","97.0","12.0","1","1","1","155.0","-263.0","8774.0","18.0","103.0","34.0","237.0","-315.0","-717.0","90","0"
"26.0","49.0","29.0","18.0","1","1","1","6.0","-108.0","8484.0","-12.0","-36.0","104.0","224.0","-324.0","-718.0","90","0"
"19.0","51.0","21.0","25.0","1","1","1","73.0","-230.0","8608.0","-8.0","62.0","109.0","219.0","-311.0","-711.0","90","0"
"13.0","46.0","14.0","31.0","1","1","1","66.0","-160.0","8465.0","-31.0","-50.0","226.0","218.0","-322.0","-718.0","90","0"
"7.0","45.0","7.0","37.0","1","1","1","124.0","-203.0","8648.0","30.0","39.0","164.0","223.0","-315.0","-721.0","90","0"
"25.0","39.0","28.0","17.0","1","1","1","249.0","-178.0","8581.0","-13.0","16.0","11.0","298.0","-30.0","-704.0","90","0"
"23.0","37.0","28.0","19.0","1","1","1","-180.0","-113.0","8545.0","-16.0","-9.0","45.0","299.0","-35.0","-715.0","90","0"
"18.0","34.0","37.0","24.0","1","1","1","128.0","-191.0","8586.0","-10.0","-30.0","8.0","292.0","-30.0","-708.0","90","0"
"12.0","33.0","35.0","30.0","1","1","1","261.0","-217.0","8566.0","-33.0","43.0","184.0","297.0","-41.0","-709.0","90","0"
"7.0","30.0","53.0","37.0","1","1","1","180.0","-227.0","8642.0","-20.0","88.0","237.0","303.0","-39.0","-711.0","90","0"
"3.0","29.0","52.0","41.0","1","1","1","180.0","-164.0","8591.0","-13.0","14.0","12.0","309.0","-37.0","-715.0","90","1"
"5.0","31.0","52.0","38.0","1","1","1","594.0","-129.0","8619.0","-29.0","12.0","-59.0","290.0","-46.0","-708.0","90","1"
"9.0","31.0","38.0","33.0","1","1","1","196.0","-128.0","8624.0","-15.0","49.0","-153.0","295.0","-39.0","-709.0","90","1"
"15.0","34.0","36.0","26.0","1","1","1","221.0","-182.0","8519.0","-25.0","21.0","-135.0","301.0","-37.0","-715.0","90","1"
"21.0","37.0","27.0","21.0","1","1","1","243.0","-118.0","8556.0","-40.0","-11.0","-77.0","287.0","-39.0","-715.0","90","1"
"27.0","40.0","30.0","14.0","1","1","1","243.0","-247.0","8656.0","-48.0","85.0","-258.0","290.0","-32.0","-706.0","90","1"
"34.0","34.0","33.0","9.0","1","1","1","201.0","-248.0","8601.0","-11.0","-35.0","-157.0","284.0","-32.0","-714.0","90","1"
"42.0","51.0","20.0","3.0","1","1","1","203.0","-190.0","8587.0","-14.0","17.0","11.0","290.0","-34.0","-718.0","90","2"
"51.0","40.0","25.0","4.0","1","1","1","296.0","107.0","8411.0","-127.0","18.0","-3341.0","236.0","-50.0","-706.0","90","2"
"21.0","42.0","16.0","8.0","1","1","1","412.0","-237.0","8693.0","-119.0","25.0","-3957.0","162.0","-74.0","-700.0","90","2"
"18.0","54.0","13.0","18.0","1","1","1","171.0","-124.0","8584.0","-14.0","18.0","12.0","119.0","-147.0","-701.0","90","3"
"18.0","41.0","17.0","10.0","1","1","1","219.0","-316.0","8634.0","83.0","-13.0","3256.0","138.0","-98.0","-700.0","90","3"
"54.0","41.0","18.0","63.0","1","1","1","448.0","-105.0","8656.0","112.0","-15.0","3887.0","189.0","-59.0","-709.0","90","3"
"41.0","50.0","51.0","3.0","1","1","1","192.0","-189.0","8588.0","-13.0","17.0","11.0","276.0","-20.0","-708.0","90","0"
"39.0","47.0","48.0","5.0","1","1","1","-27.0","-204.0","8588.0","3.0","-12.0","67.0","277.0","-27.0","-711.0","90","0"
"33.0","44.0","43.0","9.0","1","1","1","187.0","-265.0","8620.0","-4.0","58.0","138.0","282.0","-32.0","-708.0","90","0"
"28.0","41.0","30.0","16.0","1","1","1","242.0","-213.0","8668.0","14.0","-35.0","134.0","282.0","-26.0","-708.0","90","0"
"21.0","37.0","36.0","23.0","1","1","1","199.0","-209.0","8637.0","-18.0","3.0","15.0","279.0","-29.0","-713.0","90","0"
"14.0","33.0","34.0","28.0","1","1","1","340.0","-101.0","8622.0","17.0","11.0","126.0","286.0","-38.0","-714.0","90","0"
"6.0","34.0","51.0","37.0","1","1","1","205.0","-165.0","8592.0","-13.0","21.0","12.0","286.0","-36.0","-710.0","90","3"
"7.0","27.0","6.0","42.0","1","1","1","243.0","-207.0","8550.0","84.0","62.0","2673.0","333.0","-37.0","-707.0","90","3"
"11.0","22.0","5.0","42.0","1","1","1","324.0","-166.0","8626.0","74.0","-3.0","3327.0","384.0","-88.0","-718.0","90","3"
"27.0","23.0","77.0","26.0","1","1","1","243.0","-230.0","8605.0","-12.0","20.0","11.0","415.0","-143.0","-709.0","90","3"
"23.0","54.0","27.0","26.0","1","1","1","217.0","-221.0","8602.0","-14.0","18.0","11.0","414.0","-184.0","-734.0","90","0"
"21.0","46.0","23.0","30.0","1","1","1","-176.0","-209.0","8602.0","-11.0","-2.0","79.0","411.0","-189.0","-721.0","90","0"
"16.0","45.0","19.0","34.0","1","1","1","134.0","-188.0","8658.0","-26.0","-14.0","142.0","415.0","-187.0","-725.0","90","0"
"9.0","21.0","13.0","40.0","1","1","1","299.0","-203.0","8670.0","-22.0","6.0","83.0","407.0","-187.0","-723.0","90","0"